configuration,seed,task,layer,relation,message_norm
pg_constant,20260715,shared,layer1,event__next__event,66.12669372558594
pg_constant,20260715,shared,layer1,event__gap_0_2s__event,60.90616226196289
pg_constant,20260715,shared,layer1,event__gap_2_5s__event,76.86354064941406
pg_constant,20260715,shared,layer1,event__gap_5_15s__event,47.64058303833008
pg_constant,20260715,shared,layer1,event__gap_15_60s__event,43.45976638793945
pg_constant,20260715,shared,layer1,event__gap_60plus__event,0.0
pg_constant,20260715,shared,layer1,event__period_break__event,0.0
pg_constant,20260715,shared,layer1,player__performs__event,82.81942749023438
pg_constant,20260715,shared,layer1,event__performed_by__player,71.36434936523438
pg_constant,20260715,shared,layer1,team__performs__event,60.21335220336914
pg_constant,20260715,shared,layer1,event__performed_by_team__team,65.00875091552734
pg_constant,20260715,shared,layer1,event__has_type__event_type,60.36116027832031
pg_constant,20260715,shared,layer1,event_type__describes__event,99.60906219482422
pg_constant,20260715,shared,layer1,event__has_tag__tag,63.84734344482422
pg_constant,20260715,shared,layer1,tag__describes__event,99.29534149169922
pg_constant,20260715,shared,layer1,event__starts_in__zone,76.1873779296875
pg_constant,20260715,shared,layer1,zone__start_of__event,90.97199249267578
pg_constant,20260715,shared,layer1,event__ends_in__zone,71.17633056640625
pg_constant,20260715,shared,layer1,zone__end_of__event,117.3930892944336
pg_constant,20260715,shared,layer1,event__belongs_to__possession,62.25640106201172
pg_constant,20260715,shared,layer1,possession__contains__event,87.30675506591797
pg_constant,20260715,shared,layer1,possession__owned_by__team,0.0
pg_constant,20260715,shared,layer1,team__has_possession__possession,0.0
pg_constant,20260715,shared,layer1,possession__next__possession,0.0
pg_constant,20260715,shared,layer2,event__next__event,127.7780532836914
pg_constant,20260715,shared,layer2,event__gap_0_2s__event,95.0867691040039
pg_constant,20260715,shared,layer2,event__gap_2_5s__event,88.8693618774414
pg_constant,20260715,shared,layer2,event__gap_5_15s__event,45.12932586669922
pg_constant,20260715,shared,layer2,event__gap_15_60s__event,30.956327438354492
pg_constant,20260715,shared,layer2,event__gap_60plus__event,0.0
pg_constant,20260715,shared,layer2,event__period_break__event,0.0
pg_constant,20260715,shared,layer2,player__performs__event,114.41292572021484
pg_constant,20260715,shared,layer2,event__performed_by__player,78.31236267089844
pg_constant,20260715,shared,layer2,team__performs__event,91.40435791015625
pg_constant,20260715,shared,layer2,event__performed_by_team__team,80.42939758300781
pg_constant,20260715,shared,layer2,event__has_type__event_type,74.71302795410156
pg_constant,20260715,shared,layer2,event_type__describes__event,212.028564453125
pg_constant,20260715,shared,layer2,event__has_tag__tag,91.89585876464844
pg_constant,20260715,shared,layer2,tag__describes__event,144.79884338378906
pg_constant,20260715,shared,layer2,event__starts_in__zone,82.04434204101562
pg_constant,20260715,shared,layer2,zone__start_of__event,212.02304077148438
pg_constant,20260715,shared,layer2,event__ends_in__zone,83.66724395751953
pg_constant,20260715,shared,layer2,zone__end_of__event,191.270751953125
pg_constant,20260715,shared,layer2,event__belongs_to__possession,84.91016387939453
pg_constant,20260715,shared,layer2,possession__contains__event,163.78289794921875
pg_constant,20260715,shared,layer2,possession__owned_by__team,0.0
pg_constant,20260715,shared,layer2,team__has_possession__possession,0.0
pg_constant,20260715,shared,layer2,possession__next__possession,0.0
pg_constant,20260716,shared,layer1,event__next__event,84.46350860595703
pg_constant,20260716,shared,layer1,event__gap_0_2s__event,44.86325454711914
pg_constant,20260716,shared,layer1,event__gap_2_5s__event,51.6063232421875
pg_constant,20260716,shared,layer1,event__gap_5_15s__event,39.219261169433594
pg_constant,20260716,shared,layer1,event__gap_15_60s__event,33.87932586669922
pg_constant,20260716,shared,layer1,event__gap_60plus__event,0.0
pg_constant,20260716,shared,layer1,event__period_break__event,0.0
pg_constant,20260716,shared,layer1,player__performs__event,84.08722686767578
pg_constant,20260716,shared,layer1,event__performed_by__player,67.67364501953125
pg_constant,20260716,shared,layer1,team__performs__event,73.49920654296875
pg_constant,20260716,shared,layer1,event__performed_by_team__team,59.5415153503418
pg_constant,20260716,shared,layer1,event__has_type__event_type,58.892127990722656
pg_constant,20260716,shared,layer1,event_type__describes__event,88.11534118652344
pg_constant,20260716,shared,layer1,event__has_tag__tag,66.77376556396484
pg_constant,20260716,shared,layer1,tag__describes__event,97.57670593261719
pg_constant,20260716,shared,layer1,event__starts_in__zone,81.55741119384766
pg_constant,20260716,shared,layer1,zone__start_of__event,84.75274658203125
pg_constant,20260716,shared,layer1,event__ends_in__zone,82.89328002929688
pg_constant,20260716,shared,layer1,zone__end_of__event,88.1566390991211
pg_constant,20260716,shared,layer1,event__belongs_to__possession,67.54261779785156
pg_constant,20260716,shared,layer1,possession__contains__event,72.53388214111328
pg_constant,20260716,shared,layer1,possession__owned_by__team,0.0
pg_constant,20260716,shared,layer1,team__has_possession__possession,0.0
pg_constant,20260716,shared,layer1,possession__next__possession,0.0
pg_constant,20260716,shared,layer2,event__next__event,118.8860092163086
pg_constant,20260716,shared,layer2,event__gap_0_2s__event,82.42784881591797
pg_constant,20260716,shared,layer2,event__gap_2_5s__event,87.61747741699219
pg_constant,20260716,shared,layer2,event__gap_5_15s__event,43.70682907104492
pg_constant,20260716,shared,layer2,event__gap_15_60s__event,39.056007385253906
pg_constant,20260716,shared,layer2,event__gap_60plus__event,0.0
pg_constant,20260716,shared,layer2,event__period_break__event,0.0
pg_constant,20260716,shared,layer2,player__performs__event,117.79154205322266
pg_constant,20260716,shared,layer2,event__performed_by__player,91.497314453125
pg_constant,20260716,shared,layer2,team__performs__event,96.11495208740234
pg_constant,20260716,shared,layer2,event__performed_by_team__team,80.7557144165039
pg_constant,20260716,shared,layer2,event__has_type__event_type,76.19771575927734
pg_constant,20260716,shared,layer2,event_type__describes__event,191.7036590576172
pg_constant,20260716,shared,layer2,event__has_tag__tag,83.660888671875
pg_constant,20260716,shared,layer2,tag__describes__event,180.46717834472656
pg_constant,20260716,shared,layer2,event__starts_in__zone,78.82455444335938
pg_constant,20260716,shared,layer2,zone__start_of__event,169.85523986816406
pg_constant,20260716,shared,layer2,event__ends_in__zone,89.2723617553711
pg_constant,20260716,shared,layer2,zone__end_of__event,162.64474487304688
pg_constant,20260716,shared,layer2,event__belongs_to__possession,77.95635223388672
pg_constant,20260716,shared,layer2,possession__contains__event,186.67535400390625
pg_constant,20260716,shared,layer2,possession__owned_by__team,0.0
pg_constant,20260716,shared,layer2,team__has_possession__possession,0.0
pg_constant,20260716,shared,layer2,possession__next__possession,0.0
pg_constant,20260717,shared,layer1,event__next__event,74.57120513916016
pg_constant,20260717,shared,layer1,event__gap_0_2s__event,50.888126373291016
pg_constant,20260717,shared,layer1,event__gap_2_5s__event,74.8228530883789
pg_constant,20260717,shared,layer1,event__gap_5_15s__event,59.631927490234375
pg_constant,20260717,shared,layer1,event__gap_15_60s__event,39.52408981323242
pg_constant,20260717,shared,layer1,event__gap_60plus__event,0.0
pg_constant,20260717,shared,layer1,event__period_break__event,0.0
pg_constant,20260717,shared,layer1,player__performs__event,88.92070770263672
pg_constant,20260717,shared,layer1,event__performed_by__player,66.69296264648438
pg_constant,20260717,shared,layer1,team__performs__event,89.4398193359375
pg_constant,20260717,shared,layer1,event__performed_by_team__team,62.546199798583984
pg_constant,20260717,shared,layer1,event__has_type__event_type,53.00631332397461
pg_constant,20260717,shared,layer1,event_type__describes__event,94.99827575683594
pg_constant,20260717,shared,layer1,event__has_tag__tag,72.0419921875
pg_constant,20260717,shared,layer1,tag__describes__event,92.25212097167969
pg_constant,20260717,shared,layer1,event__starts_in__zone,77.17988586425781
pg_constant,20260717,shared,layer1,zone__start_of__event,89.10804748535156
pg_constant,20260717,shared,layer1,event__ends_in__zone,73.12612915039062
pg_constant,20260717,shared,layer1,zone__end_of__event,111.32315063476562
pg_constant,20260717,shared,layer1,event__belongs_to__possession,60.53577423095703
pg_constant,20260717,shared,layer1,possession__contains__event,78.63066101074219
pg_constant,20260717,shared,layer1,possession__owned_by__team,0.0
pg_constant,20260717,shared,layer1,team__has_possession__possession,0.0
pg_constant,20260717,shared,layer1,possession__next__possession,0.0
pg_constant,20260717,shared,layer2,event__next__event,123.46105194091797
pg_constant,20260717,shared,layer2,event__gap_0_2s__event,107.0409164428711
pg_constant,20260717,shared,layer2,event__gap_2_5s__event,86.15653228759766
pg_constant,20260717,shared,layer2,event__gap_5_15s__event,55.04823684692383
pg_constant,20260717,shared,layer2,event__gap_15_60s__event,38.25933074951172
pg_constant,20260717,shared,layer2,event__gap_60plus__event,0.0
pg_constant,20260717,shared,layer2,event__period_break__event,0.0
pg_constant,20260717,shared,layer2,player__performs__event,102.54454040527344
pg_constant,20260717,shared,layer2,event__performed_by__player,76.387939453125
pg_constant,20260717,shared,layer2,team__performs__event,122.81815338134766
pg_constant,20260717,shared,layer2,event__performed_by_team__team,77.45846557617188
pg_constant,20260717,shared,layer2,event__has_type__event_type,88.34561920166016
pg_constant,20260717,shared,layer2,event_type__describes__event,173.55419921875
pg_constant,20260717,shared,layer2,event__has_tag__tag,105.27790832519531
pg_constant,20260717,shared,layer2,tag__describes__event,243.61985778808594
pg_constant,20260717,shared,layer2,event__starts_in__zone,75.63349914550781
pg_constant,20260717,shared,layer2,zone__start_of__event,212.6889190673828
pg_constant,20260717,shared,layer2,event__ends_in__zone,77.50834655761719
pg_constant,20260717,shared,layer2,zone__end_of__event,130.04783630371094
pg_constant,20260717,shared,layer2,event__belongs_to__possession,84.91476440429688
pg_constant,20260717,shared,layer2,possession__contains__event,128.21755981445312
pg_constant,20260717,shared,layer2,possession__owned_by__team,0.0
pg_constant,20260717,shared,layer2,team__has_possession__possession,0.0
pg_constant,20260717,shared,layer2,possession__next__possession,0.0
pg_shared,20260715,shared,layer1,event__next__event,73.71601104736328
pg_shared,20260715,shared,layer1,event__gap_0_2s__event,60.01525115966797
pg_shared,20260715,shared,layer1,event__gap_2_5s__event,70.7589340209961
pg_shared,20260715,shared,layer1,event__gap_5_15s__event,55.55793380737305
pg_shared,20260715,shared,layer1,event__gap_15_60s__event,46.6236686706543
pg_shared,20260715,shared,layer1,event__gap_60plus__event,0.0
pg_shared,20260715,shared,layer1,event__period_break__event,0.0
pg_shared,20260715,shared,layer1,player__performs__event,71.73018646240234
pg_shared,20260715,shared,layer1,event__performed_by__player,67.4903793334961
pg_shared,20260715,shared,layer1,team__performs__event,57.694278717041016
pg_shared,20260715,shared,layer1,event__performed_by_team__team,81.44432830810547
pg_shared,20260715,shared,layer1,event__has_type__event_type,62.543853759765625
pg_shared,20260715,shared,layer1,event_type__describes__event,99.99605560302734
pg_shared,20260715,shared,layer1,event__has_tag__tag,80.11865234375
pg_shared,20260715,shared,layer1,tag__describes__event,97.51219940185547
pg_shared,20260715,shared,layer1,event__starts_in__zone,101.4266128540039
pg_shared,20260715,shared,layer1,zone__start_of__event,96.8597640991211
pg_shared,20260715,shared,layer1,event__ends_in__zone,72.3936538696289
pg_shared,20260715,shared,layer1,zone__end_of__event,122.67572784423828
pg_shared,20260715,shared,layer1,event__belongs_to__possession,67.93535614013672
pg_shared,20260715,shared,layer1,possession__contains__event,82.54472351074219
pg_shared,20260715,shared,layer1,possession__owned_by__team,0.0
pg_shared,20260715,shared,layer1,team__has_possession__possession,0.0
pg_shared,20260715,shared,layer1,possession__next__possession,0.0
pg_shared,20260715,shared,layer2,event__next__event,121.34738159179688
pg_shared,20260715,shared,layer2,event__gap_0_2s__event,80.76156616210938
pg_shared,20260715,shared,layer2,event__gap_2_5s__event,81.68399047851562
pg_shared,20260715,shared,layer2,event__gap_5_15s__event,46.1820068359375
pg_shared,20260715,shared,layer2,event__gap_15_60s__event,21.73481559753418
pg_shared,20260715,shared,layer2,event__gap_60plus__event,0.0
pg_shared,20260715,shared,layer2,event__period_break__event,0.0
pg_shared,20260715,shared,layer2,player__performs__event,106.98445892333984
pg_shared,20260715,shared,layer2,event__performed_by__player,86.4801254272461
pg_shared,20260715,shared,layer2,team__performs__event,118.05987548828125
pg_shared,20260715,shared,layer2,event__performed_by_team__team,92.62946319580078
pg_shared,20260715,shared,layer2,event__has_type__event_type,89.51390838623047
pg_shared,20260715,shared,layer2,event_type__describes__event,201.4936065673828
pg_shared,20260715,shared,layer2,event__has_tag__tag,110.07978057861328
pg_shared,20260715,shared,layer2,tag__describes__event,170.33688354492188
pg_shared,20260715,shared,layer2,event__starts_in__zone,92.22225952148438
pg_shared,20260715,shared,layer2,zone__start_of__event,210.36016845703125
pg_shared,20260715,shared,layer2,event__ends_in__zone,94.50981903076172
pg_shared,20260715,shared,layer2,zone__end_of__event,208.72308349609375
pg_shared,20260715,shared,layer2,event__belongs_to__possession,93.1139144897461
pg_shared,20260715,shared,layer2,possession__contains__event,183.4896697998047
pg_shared,20260715,shared,layer2,possession__owned_by__team,0.0
pg_shared,20260715,shared,layer2,team__has_possession__possession,0.0
pg_shared,20260715,shared,layer2,possession__next__possession,0.0
pg_shared,20260716,shared,layer1,event__next__event,92.92986297607422
pg_shared,20260716,shared,layer1,event__gap_0_2s__event,64.38399505615234
pg_shared,20260716,shared,layer1,event__gap_2_5s__event,69.14368438720703
pg_shared,20260716,shared,layer1,event__gap_5_15s__event,47.64027404785156
pg_shared,20260716,shared,layer1,event__gap_15_60s__event,49.6295051574707
pg_shared,20260716,shared,layer1,event__gap_60plus__event,0.0
pg_shared,20260716,shared,layer1,event__period_break__event,0.0
pg_shared,20260716,shared,layer1,player__performs__event,94.51654052734375
pg_shared,20260716,shared,layer1,event__performed_by__player,81.97637176513672
pg_shared,20260716,shared,layer1,team__performs__event,90.099853515625
pg_shared,20260716,shared,layer1,event__performed_by_team__team,76.84336853027344
pg_shared,20260716,shared,layer1,event__has_type__event_type,74.1318359375
pg_shared,20260716,shared,layer1,event_type__describes__event,103.2344741821289
pg_shared,20260716,shared,layer1,event__has_tag__tag,90.62388610839844
pg_shared,20260716,shared,layer1,tag__describes__event,116.83084869384766
pg_shared,20260716,shared,layer1,event__starts_in__zone,103.99028015136719
pg_shared,20260716,shared,layer1,zone__start_of__event,101.95386505126953
pg_shared,20260716,shared,layer1,event__ends_in__zone,107.5329360961914
pg_shared,20260716,shared,layer1,zone__end_of__event,115.13932037353516
pg_shared,20260716,shared,layer1,event__belongs_to__possession,82.40436553955078
pg_shared,20260716,shared,layer1,possession__contains__event,102.9006118774414
pg_shared,20260716,shared,layer1,possession__owned_by__team,0.0
pg_shared,20260716,shared,layer1,team__has_possession__possession,0.0
pg_shared,20260716,shared,layer1,possession__next__possession,0.0
pg_shared,20260716,shared,layer2,event__next__event,146.18280029296875
pg_shared,20260716,shared,layer2,event__gap_0_2s__event,113.86186218261719
pg_shared,20260716,shared,layer2,event__gap_2_5s__event,115.4691162109375
pg_shared,20260716,shared,layer2,event__gap_5_15s__event,51.74077224731445
pg_shared,20260716,shared,layer2,event__gap_15_60s__event,45.51771926879883
pg_shared,20260716,shared,layer2,event__gap_60plus__event,0.0
pg_shared,20260716,shared,layer2,event__period_break__event,0.0
pg_shared,20260716,shared,layer2,player__performs__event,162.42127990722656
pg_shared,20260716,shared,layer2,event__performed_by__player,130.1112518310547
pg_shared,20260716,shared,layer2,team__performs__event,189.3543243408203
pg_shared,20260716,shared,layer2,event__performed_by_team__team,110.22700500488281
pg_shared,20260716,shared,layer2,event__has_type__event_type,113.18304443359375
pg_shared,20260716,shared,layer2,event_type__describes__event,247.75897216796875
pg_shared,20260716,shared,layer2,event__has_tag__tag,127.04545593261719
pg_shared,20260716,shared,layer2,tag__describes__event,264.4813232421875
pg_shared,20260716,shared,layer2,event__starts_in__zone,119.26904296875
pg_shared,20260716,shared,layer2,zone__start_of__event,224.24822998046875
pg_shared,20260716,shared,layer2,event__ends_in__zone,131.30282592773438
pg_shared,20260716,shared,layer2,zone__end_of__event,239.91305541992188
pg_shared,20260716,shared,layer2,event__belongs_to__possession,115.70291137695312
pg_shared,20260716,shared,layer2,possession__contains__event,272.64068603515625
pg_shared,20260716,shared,layer2,possession__owned_by__team,0.0
pg_shared,20260716,shared,layer2,team__has_possession__possession,0.0
pg_shared,20260716,shared,layer2,possession__next__possession,0.0
pg_shared,20260717,shared,layer1,event__next__event,79.4861068725586
pg_shared,20260717,shared,layer1,event__gap_0_2s__event,51.7617073059082
pg_shared,20260717,shared,layer1,event__gap_2_5s__event,78.60490417480469
pg_shared,20260717,shared,layer1,event__gap_5_15s__event,61.814449310302734
pg_shared,20260717,shared,layer1,event__gap_15_60s__event,45.15496063232422
pg_shared,20260717,shared,layer1,event__gap_60plus__event,0.0
pg_shared,20260717,shared,layer1,event__period_break__event,0.0
pg_shared,20260717,shared,layer1,player__performs__event,91.91000366210938
pg_shared,20260717,shared,layer1,event__performed_by__player,75.0185546875
pg_shared,20260717,shared,layer1,team__performs__event,98.23896026611328
pg_shared,20260717,shared,layer1,event__performed_by_team__team,69.95053100585938
pg_shared,20260717,shared,layer1,event__has_type__event_type,62.81296920776367
pg_shared,20260717,shared,layer1,event_type__describes__event,104.02960968017578
pg_shared,20260717,shared,layer1,event__has_tag__tag,78.9198226928711
pg_shared,20260717,shared,layer1,tag__describes__event,93.83143615722656
pg_shared,20260717,shared,layer1,event__starts_in__zone,88.87782287597656
pg_shared,20260717,shared,layer1,zone__start_of__event,92.86241149902344
pg_shared,20260717,shared,layer1,event__ends_in__zone,79.7536849975586
pg_shared,20260717,shared,layer1,zone__end_of__event,109.93868255615234
pg_shared,20260717,shared,layer1,event__belongs_to__possession,67.78568267822266
pg_shared,20260717,shared,layer1,possession__contains__event,79.81653594970703
pg_shared,20260717,shared,layer1,possession__owned_by__team,0.0
pg_shared,20260717,shared,layer1,team__has_possession__possession,0.0
pg_shared,20260717,shared,layer1,possession__next__possession,0.0
pg_shared,20260717,shared,layer2,event__next__event,162.13734436035156
pg_shared,20260717,shared,layer2,event__gap_0_2s__event,144.34228515625
pg_shared,20260717,shared,layer2,event__gap_2_5s__event,119.86075592041016
pg_shared,20260717,shared,layer2,event__gap_5_15s__event,81.52537536621094
pg_shared,20260717,shared,layer2,event__gap_15_60s__event,47.9582633972168
pg_shared,20260717,shared,layer2,event__gap_60plus__event,0.0
pg_shared,20260717,shared,layer2,event__period_break__event,0.0
pg_shared,20260717,shared,layer2,player__performs__event,155.15481567382812
pg_shared,20260717,shared,layer2,event__performed_by__player,120.6418228149414
pg_shared,20260717,shared,layer2,team__performs__event,139.402099609375
pg_shared,20260717,shared,layer2,event__performed_by_team__team,110.39371490478516
pg_shared,20260717,shared,layer2,event__has_type__event_type,139.4127197265625
pg_shared,20260717,shared,layer2,event_type__describes__event,245.7521209716797
pg_shared,20260717,shared,layer2,event__has_tag__tag,157.62057495117188
pg_shared,20260717,shared,layer2,tag__describes__event,316.07000732421875
pg_shared,20260717,shared,layer2,event__starts_in__zone,112.153076171875
pg_shared,20260717,shared,layer2,zone__start_of__event,258.63250732421875
pg_shared,20260717,shared,layer2,event__ends_in__zone,117.31073760986328
pg_shared,20260717,shared,layer2,zone__end_of__event,188.1922607421875
pg_shared,20260717,shared,layer2,event__belongs_to__possession,133.16647338867188
pg_shared,20260717,shared,layer2,possession__contains__event,196.82342529296875
pg_shared,20260717,shared,layer2,possession__owned_by__team,0.0
pg_shared,20260717,shared,layer2,team__has_possession__possession,0.0
pg_shared,20260717,shared,layer2,possession__next__possession,0.0
pg_task,20260715,event,layer1,event__next__event,97.59183502197266
pg_task,20260715,event,layer1,event__gap_0_2s__event,106.9540023803711
pg_task,20260715,event,layer1,event__gap_2_5s__event,83.61300659179688
pg_task,20260715,event,layer1,event__gap_5_15s__event,69.30003356933594
pg_task,20260715,event,layer1,event__gap_15_60s__event,54.26262283325195
pg_task,20260715,event,layer1,event__gap_60plus__event,0.0
pg_task,20260715,event,layer1,event__period_break__event,0.0
pg_task,20260715,event,layer1,player__performs__event,94.78803253173828
pg_task,20260715,event,layer1,event__performed_by__player,85.37545776367188
pg_task,20260715,event,layer1,team__performs__event,64.8216323852539
pg_task,20260715,event,layer1,event__performed_by_team__team,81.29544067382812
pg_task,20260715,event,layer1,event__has_type__event_type,100.58356475830078
pg_task,20260715,event,layer1,event_type__describes__event,117.90036010742188
pg_task,20260715,event,layer1,event__has_tag__tag,95.06978607177734
pg_task,20260715,event,layer1,tag__describes__event,125.93098449707031
pg_task,20260715,event,layer1,event__starts_in__zone,112.16983032226562
pg_task,20260715,event,layer1,zone__start_of__event,122.39761352539062
pg_task,20260715,event,layer1,event__ends_in__zone,109.86341857910156
pg_task,20260715,event,layer1,zone__end_of__event,130.1741485595703
pg_task,20260715,event,layer1,event__belongs_to__possession,72.9290542602539
pg_task,20260715,event,layer1,possession__contains__event,121.66693878173828
pg_task,20260715,event,layer1,possession__owned_by__team,0.0
pg_task,20260715,event,layer1,team__has_possession__possession,0.0
pg_task,20260715,event,layer1,possession__next__possession,0.0
pg_task,20260715,event,layer2,event__next__event,174.25115966796875
pg_task,20260715,event,layer2,event__gap_0_2s__event,116.39024353027344
pg_task,20260715,event,layer2,event__gap_2_5s__event,107.39115905761719
pg_task,20260715,event,layer2,event__gap_5_15s__event,60.784751892089844
pg_task,20260715,event,layer2,event__gap_15_60s__event,32.045589447021484
pg_task,20260715,event,layer2,event__gap_60plus__event,0.0
pg_task,20260715,event,layer2,event__period_break__event,0.0
pg_task,20260715,event,layer2,player__performs__event,133.50596618652344
pg_task,20260715,event,layer2,event__performed_by__player,120.7463607788086
pg_task,20260715,event,layer2,team__performs__event,142.83538818359375
pg_task,20260715,event,layer2,event__performed_by_team__team,118.03312683105469
pg_task,20260715,event,layer2,event__has_type__event_type,102.68729400634766
pg_task,20260715,event,layer2,event_type__describes__event,359.85699462890625
pg_task,20260715,event,layer2,event__has_tag__tag,133.31390380859375
pg_task,20260715,event,layer2,tag__describes__event,199.280517578125
pg_task,20260715,event,layer2,event__starts_in__zone,116.1770248413086
pg_task,20260715,event,layer2,zone__start_of__event,256.1859130859375
pg_task,20260715,event,layer2,event__ends_in__zone,103.84091186523438
pg_task,20260715,event,layer2,zone__end_of__event,267.0456237792969
pg_task,20260715,event,layer2,event__belongs_to__possession,118.78963470458984
pg_task,20260715,event,layer2,possession__contains__event,212.70469665527344
pg_task,20260715,event,layer2,possession__owned_by__team,0.0
pg_task,20260715,event,layer2,team__has_possession__possession,0.0
pg_task,20260715,event,layer2,possession__next__possession,0.0
pg_task,20260715,time,layer1,event__next__event,111.54650115966797
pg_task,20260715,time,layer1,event__gap_0_2s__event,123.28980255126953
pg_task,20260715,time,layer1,event__gap_2_5s__event,95.33174896240234
pg_task,20260715,time,layer1,event__gap_5_15s__event,77.40803527832031
pg_task,20260715,time,layer1,event__gap_15_60s__event,65.06840515136719
pg_task,20260715,time,layer1,event__gap_60plus__event,0.0
pg_task,20260715,time,layer1,event__period_break__event,0.0
pg_task,20260715,time,layer1,player__performs__event,107.79474639892578
pg_task,20260715,time,layer1,event__performed_by__player,96.90605163574219
pg_task,20260715,time,layer1,team__performs__event,73.65853118896484
pg_task,20260715,time,layer1,event__performed_by_team__team,91.75414276123047
pg_task,20260715,time,layer1,event__has_type__event_type,113.96694946289062
pg_task,20260715,time,layer1,event_type__describes__event,134.20663452148438
pg_task,20260715,time,layer1,event__has_tag__tag,106.93644714355469
pg_task,20260715,time,layer1,tag__describes__event,143.19064331054688
pg_task,20260715,time,layer1,event__starts_in__zone,126.25608825683594
pg_task,20260715,time,layer1,zone__start_of__event,138.65933227539062
pg_task,20260715,time,layer1,event__ends_in__zone,124.44358825683594
pg_task,20260715,time,layer1,zone__end_of__event,147.4435272216797
pg_task,20260715,time,layer1,event__belongs_to__possession,82.84644317626953
pg_task,20260715,time,layer1,possession__contains__event,138.4038543701172
pg_task,20260715,time,layer1,possession__owned_by__team,0.0
pg_task,20260715,time,layer1,team__has_possession__possession,0.0
pg_task,20260715,time,layer1,possession__next__possession,0.0
pg_task,20260715,time,layer2,event__next__event,203.38140869140625
pg_task,20260715,time,layer2,event__gap_0_2s__event,136.5517578125
pg_task,20260715,time,layer2,event__gap_2_5s__event,124.59779357910156
pg_task,20260715,time,layer2,event__gap_5_15s__event,69.39571380615234
pg_task,20260715,time,layer2,event__gap_15_60s__event,36.89899826049805
pg_task,20260715,time,layer2,event__gap_60plus__event,0.0
pg_task,20260715,time,layer2,event__period_break__event,0.0
pg_task,20260715,time,layer2,player__performs__event,155.71766662597656
pg_task,20260715,time,layer2,event__performed_by__player,136.2729949951172
pg_task,20260715,time,layer2,team__performs__event,163.79763793945312
pg_task,20260715,time,layer2,event__performed_by_team__team,133.63912963867188
pg_task,20260715,time,layer2,event__has_type__event_type,114.89927673339844
pg_task,20260715,time,layer2,event_type__describes__event,452.27197265625
pg_task,20260715,time,layer2,event__has_tag__tag,147.79298400878906
pg_task,20260715,time,layer2,tag__describes__event,224.56187438964844
pg_task,20260715,time,layer2,event__starts_in__zone,131.70895385742188
pg_task,20260715,time,layer2,zone__start_of__event,290.2464904785156
pg_task,20260715,time,layer2,event__ends_in__zone,116.79267120361328
pg_task,20260715,time,layer2,zone__end_of__event,302.4674987792969
pg_task,20260715,time,layer2,event__belongs_to__possession,134.5511016845703
pg_task,20260715,time,layer2,possession__contains__event,237.7998046875
pg_task,20260715,time,layer2,possession__owned_by__team,0.0
pg_task,20260715,time,layer2,team__has_possession__possession,0.0
pg_task,20260715,time,layer2,possession__next__possession,0.0
pg_task,20260715,position,layer1,event__next__event,0.09800863265991211
pg_task,20260715,position,layer1,event__gap_0_2s__event,0.11176153272390366
pg_task,20260715,position,layer1,event__gap_2_5s__event,0.09698805212974548
pg_task,20260715,position,layer1,event__gap_5_15s__event,0.0623556524515152
pg_task,20260715,position,layer1,event__gap_15_60s__event,0.036654744297266006
pg_task,20260715,position,layer1,event__gap_60plus__event,0.0
pg_task,20260715,position,layer1,event__period_break__event,0.0
pg_task,20260715,position,layer1,player__performs__event,0.09230563789606094
pg_task,20260715,position,layer1,event__performed_by__player,0.08351800590753555
pg_task,20260715,position,layer1,team__performs__event,0.06514345109462738
pg_task,20260715,position,layer1,event__performed_by_team__team,0.07932275533676147
pg_task,20260715,position,layer1,event__has_type__event_type,0.09674447029829025
pg_task,20260715,position,layer1,event_type__describes__event,0.11138872802257538
pg_task,20260715,position,layer1,event__has_tag__tag,0.09280329942703247
pg_task,20260715,position,layer1,tag__describes__event,0.12712568044662476
pg_task,20260715,position,layer1,event__starts_in__zone,0.1126859188079834
pg_task,20260715,position,layer1,zone__start_of__event,0.12447431683540344
pg_task,20260715,position,layer1,event__ends_in__zone,0.10989486426115036
pg_task,20260715,position,layer1,zone__end_of__event,0.13584579527378082
pg_task,20260715,position,layer1,event__belongs_to__possession,0.06938963383436203
pg_task,20260715,position,layer1,possession__contains__event,0.1207091435790062
pg_task,20260715,position,layer1,possession__owned_by__team,0.0
pg_task,20260715,position,layer1,team__has_possession__possession,0.0
pg_task,20260715,position,layer1,possession__next__possession,0.0
pg_task,20260715,position,layer2,event__next__event,9.389327049255371
pg_task,20260715,position,layer2,event__gap_0_2s__event,5.279478073120117
pg_task,20260715,position,layer2,event__gap_2_5s__event,5.915783882141113
pg_task,20260715,position,layer2,event__gap_5_15s__event,3.377950668334961
pg_task,20260715,position,layer2,event__gap_15_60s__event,1.7839672565460205
pg_task,20260715,position,layer2,event__gap_60plus__event,0.0
pg_task,20260715,position,layer2,event__period_break__event,0.0
pg_task,20260715,position,layer2,player__performs__event,14.8365478515625
pg_task,20260715,position,layer2,event__performed_by__player,24.45614242553711
pg_task,20260715,position,layer2,team__performs__event,28.056196212768555
pg_task,20260715,position,layer2,event__performed_by_team__team,21.853471755981445
pg_task,20260715,position,layer2,event__has_type__event_type,20.31397819519043
pg_task,20260715,position,layer2,event_type__describes__event,42.23192596435547
pg_task,20260715,position,layer2,event__has_tag__tag,28.308547973632812
pg_task,20260715,position,layer2,tag__describes__event,45.01732635498047
pg_task,20260715,position,layer2,event__starts_in__zone,20.005598068237305
pg_task,20260715,position,layer2,zone__start_of__event,50.04561996459961
pg_task,20260715,position,layer2,event__ends_in__zone,23.044620513916016
pg_task,20260715,position,layer2,zone__end_of__event,51.19456481933594
pg_task,20260715,position,layer2,event__belongs_to__possession,24.38108253479004
pg_task,20260715,position,layer2,possession__contains__event,52.00245666503906
pg_task,20260715,position,layer2,possession__owned_by__team,0.0
pg_task,20260715,position,layer2,team__has_possession__possession,0.0
pg_task,20260715,position,layer2,possession__next__possession,0.0
pg_task,20260716,event,layer1,event__next__event,118.09712219238281
pg_task,20260716,event,layer1,event__gap_0_2s__event,66.84916687011719
pg_task,20260716,event,layer1,event__gap_2_5s__event,84.041748046875
pg_task,20260716,event,layer1,event__gap_5_15s__event,55.7918586730957
pg_task,20260716,event,layer1,event__gap_15_60s__event,50.11604309082031
pg_task,20260716,event,layer1,event__gap_60plus__event,0.0
pg_task,20260716,event,layer1,event__period_break__event,0.0
pg_task,20260716,event,layer1,player__performs__event,103.5598373413086
pg_task,20260716,event,layer1,event__performed_by__player,92.16738891601562
pg_task,20260716,event,layer1,team__performs__event,118.64445495605469
pg_task,20260716,event,layer1,event__performed_by_team__team,95.66444396972656
pg_task,20260716,event,layer1,event__has_type__event_type,91.80631256103516
pg_task,20260716,event,layer1,event_type__describes__event,101.27017974853516
pg_task,20260716,event,layer1,event__has_tag__tag,105.53485870361328
pg_task,20260716,event,layer1,tag__describes__event,143.35720825195312
pg_task,20260716,event,layer1,event__starts_in__zone,116.86711120605469
pg_task,20260716,event,layer1,zone__start_of__event,101.71818542480469
pg_task,20260716,event,layer1,event__ends_in__zone,100.82202911376953
pg_task,20260716,event,layer1,zone__end_of__event,128.88995361328125
pg_task,20260716,event,layer1,event__belongs_to__possession,106.76551818847656
pg_task,20260716,event,layer1,possession__contains__event,77.1886215209961
pg_task,20260716,event,layer1,possession__owned_by__team,0.0
pg_task,20260716,event,layer1,team__has_possession__possession,0.0
pg_task,20260716,event,layer1,possession__next__possession,0.0
pg_task,20260716,event,layer2,event__next__event,189.62347412109375
pg_task,20260716,event,layer2,event__gap_0_2s__event,133.98916625976562
pg_task,20260716,event,layer2,event__gap_2_5s__event,135.5838623046875
pg_task,20260716,event,layer2,event__gap_5_15s__event,75.33544921875
pg_task,20260716,event,layer2,event__gap_15_60s__event,49.814544677734375
pg_task,20260716,event,layer2,event__gap_60plus__event,0.0
pg_task,20260716,event,layer2,event__period_break__event,0.0
pg_task,20260716,event,layer2,player__performs__event,187.70945739746094
pg_task,20260716,event,layer2,event__performed_by__player,140.75619506835938
pg_task,20260716,event,layer2,team__performs__event,214.26695251464844
pg_task,20260716,event,layer2,event__performed_by_team__team,142.74935913085938
pg_task,20260716,event,layer2,event__has_type__event_type,117.53279113769531
pg_task,20260716,event,layer2,event_type__describes__event,404.8918762207031
pg_task,20260716,event,layer2,event__has_tag__tag,151.8648681640625
pg_task,20260716,event,layer2,tag__describes__event,291.925537109375
pg_task,20260716,event,layer2,event__starts_in__zone,131.2798614501953
pg_task,20260716,event,layer2,zone__start_of__event,243.54635620117188
pg_task,20260716,event,layer2,event__ends_in__zone,138.717529296875
pg_task,20260716,event,layer2,zone__end_of__event,252.48826599121094
pg_task,20260716,event,layer2,event__belongs_to__possession,121.74275970458984
pg_task,20260716,event,layer2,possession__contains__event,290.2423400878906
pg_task,20260716,event,layer2,possession__owned_by__team,0.0
pg_task,20260716,event,layer2,team__has_possession__possession,0.0
pg_task,20260716,event,layer2,possession__next__possession,0.0
pg_task,20260716,time,layer1,event__next__event,125.21148681640625
pg_task,20260716,time,layer1,event__gap_0_2s__event,70.73851776123047
pg_task,20260716,time,layer1,event__gap_2_5s__event,89.00548553466797
pg_task,20260716,time,layer1,event__gap_5_15s__event,59.48005676269531
pg_task,20260716,time,layer1,event__gap_15_60s__event,54.973636627197266
pg_task,20260716,time,layer1,event__gap_60plus__event,0.0
pg_task,20260716,time,layer1,event__period_break__event,0.0
pg_task,20260716,time,layer1,player__performs__event,109.73617553710938
pg_task,20260716,time,layer1,event__performed_by__player,97.89527130126953
pg_task,20260716,time,layer1,team__performs__event,125.802490234375
pg_task,20260716,time,layer1,event__performed_by_team__team,101.14629364013672
pg_task,20260716,time,layer1,event__has_type__event_type,97.47225952148438
pg_task,20260716,time,layer1,event_type__describes__event,107.49563598632812
pg_task,20260716,time,layer1,event__has_tag__tag,111.10676574707031
pg_task,20260716,time,layer1,tag__describes__event,151.4071044921875
pg_task,20260716,time,layer1,event__starts_in__zone,123.462646484375
pg_task,20260716,time,layer1,zone__start_of__event,107.83332824707031
pg_task,20260716,time,layer1,event__ends_in__zone,106.77240753173828
pg_task,20260716,time,layer1,zone__end_of__event,136.1405792236328
pg_task,20260716,time,layer1,event__belongs_to__possession,113.47743225097656
pg_task,20260716,time,layer1,possession__contains__event,81.55904388427734
pg_task,20260716,time,layer1,possession__owned_by__team,0.0
pg_task,20260716,time,layer1,team__has_possession__possession,0.0
pg_task,20260716,time,layer1,possession__next__possession,0.0
pg_task,20260716,time,layer2,event__next__event,215.3378448486328
pg_task,20260716,time,layer2,event__gap_0_2s__event,151.00608825683594
pg_task,20260716,time,layer2,event__gap_2_5s__event,153.3626708984375
pg_task,20260716,time,layer2,event__gap_5_15s__event,86.9629898071289
pg_task,20260716,time,layer2,event__gap_15_60s__event,55.82746505737305
pg_task,20260716,time,layer2,event__gap_60plus__event,0.0
pg_task,20260716,time,layer2,event__period_break__event,0.0
pg_task,20260716,time,layer2,player__performs__event,216.6734619140625
pg_task,20260716,time,layer2,event__performed_by__player,157.90789794921875
pg_task,20260716,time,layer2,team__performs__event,245.97222900390625
pg_task,20260716,time,layer2,event__performed_by_team__team,160.03219604492188
pg_task,20260716,time,layer2,event__has_type__event_type,131.74530029296875
pg_task,20260716,time,layer2,event_type__describes__event,468.86083984375
pg_task,20260716,time,layer2,event__has_tag__tag,171.33038330078125
pg_task,20260716,time,layer2,tag__describes__event,328.9779968261719
pg_task,20260716,time,layer2,event__starts_in__zone,147.1549835205078
pg_task,20260716,time,layer2,zone__start_of__event,274.819580078125
pg_task,20260716,time,layer2,event__ends_in__zone,155.1948699951172
pg_task,20260716,time,layer2,zone__end_of__event,283.7775573730469
pg_task,20260716,time,layer2,event__belongs_to__possession,136.33421325683594
pg_task,20260716,time,layer2,possession__contains__event,331.19482421875
pg_task,20260716,time,layer2,possession__owned_by__team,0.0
pg_task,20260716,time,layer2,team__has_possession__possession,0.0
pg_task,20260716,time,layer2,possession__next__possession,0.0
pg_task,20260716,position,layer1,event__next__event,0.4042275846004486
pg_task,20260716,position,layer1,event__gap_0_2s__event,0.2405809462070465
pg_task,20260716,position,layer1,event__gap_2_5s__event,0.2960645258426666
pg_task,20260716,position,layer1,event__gap_5_15s__event,0.1949598342180252
pg_task,20260716,position,layer1,event__gap_15_60s__event,0.13511055707931519
pg_task,20260716,position,layer1,event__gap_60plus__event,0.0
pg_task,20260716,position,layer1,event__period_break__event,0.0
pg_task,20260716,position,layer1,player__performs__event,0.3450140357017517
pg_task,20260716,position,layer1,event__performed_by__player,0.30923497676849365
pg_task,20260716,position,layer1,team__performs__event,0.4139822721481323
pg_task,20260716,position,layer1,event__performed_by_team__team,0.31258922815322876
pg_task,20260716,position,layer1,event__has_type__event_type,0.3029235005378723
pg_task,20260716,position,layer1,event_type__describes__event,0.3455602824687958
pg_task,20260716,position,layer1,event__has_tag__tag,0.3711495101451874
pg_task,20260716,position,layer1,tag__describes__event,0.46430882811546326
pg_task,20260716,position,layer1,event__starts_in__zone,0.4179916977882385
pg_task,20260716,position,layer1,zone__start_of__event,0.3368167579174042
pg_task,20260716,position,layer1,event__ends_in__zone,0.32868313789367676
pg_task,20260716,position,layer1,zone__end_of__event,0.42545005679130554
pg_task,20260716,position,layer1,event__belongs_to__possession,0.3446010649204254
pg_task,20260716,position,layer1,possession__contains__event,0.288954496383667
pg_task,20260716,position,layer1,possession__owned_by__team,0.0
pg_task,20260716,position,layer1,team__has_possession__possession,0.0
pg_task,20260716,position,layer1,possession__next__possession,0.0
pg_task,20260716,position,layer2,event__next__event,15.969864845275879
pg_task,20260716,position,layer2,event__gap_0_2s__event,11.450225830078125
pg_task,20260716,position,layer2,event__gap_2_5s__event,11.400612831115723
pg_task,20260716,position,layer2,event__gap_5_15s__event,7.737180233001709
pg_task,20260716,position,layer2,event__gap_15_60s__event,3.7903406620025635
pg_task,20260716,position,layer2,event__gap_60plus__event,0.0
pg_task,20260716,position,layer2,event__period_break__event,0.0
pg_task,20260716,position,layer2,player__performs__event,15.132834434509277
pg_task,20260716,position,layer2,event__performed_by__player,16.79891014099121
pg_task,20260716,position,layer2,team__performs__event,18.74336814880371
pg_task,20260716,position,layer2,event__performed_by_team__team,15.872078895568848
pg_task,20260716,position,layer2,event__has_type__event_type,13.795563697814941
pg_task,20260716,position,layer2,event_type__describes__event,34.360599517822266
pg_task,20260716,position,layer2,event__has_tag__tag,17.621856689453125
pg_task,20260716,position,layer2,tag__describes__event,33.3310546875
pg_task,20260716,position,layer2,event__starts_in__zone,15.420292854309082
pg_task,20260716,position,layer2,zone__start_of__event,26.193321228027344
pg_task,20260716,position,layer2,event__ends_in__zone,17.291501998901367
pg_task,20260716,position,layer2,zone__end_of__event,29.38422393798828
pg_task,20260716,position,layer2,event__belongs_to__possession,14.893828392028809
pg_task,20260716,position,layer2,possession__contains__event,27.591548919677734
pg_task,20260716,position,layer2,possession__owned_by__team,0.0
pg_task,20260716,position,layer2,team__has_possession__possession,0.0
pg_task,20260716,position,layer2,possession__next__possession,0.0
pg_task,20260717,event,layer1,event__next__event,115.3409652709961
pg_task,20260717,event,layer1,event__gap_0_2s__event,58.54616165161133
pg_task,20260717,event,layer1,event__gap_2_5s__event,90.5677261352539
pg_task,20260717,event,layer1,event__gap_5_15s__event,90.2553482055664
pg_task,20260717,event,layer1,event__gap_15_60s__event,51.32727813720703
pg_task,20260717,event,layer1,event__gap_60plus__event,0.0
pg_task,20260717,event,layer1,event__period_break__event,0.0
pg_task,20260717,event,layer1,player__performs__event,105.71463775634766
pg_task,20260717,event,layer1,event__performed_by__player,89.58419036865234
pg_task,20260717,event,layer1,team__performs__event,97.63894653320312
pg_task,20260717,event,layer1,event__performed_by_team__team,88.75592041015625
pg_task,20260717,event,layer1,event__has_type__event_type,96.65274047851562
pg_task,20260717,event,layer1,event_type__describes__event,106.21190643310547
pg_task,20260717,event,layer1,event__has_tag__tag,103.9339599609375
pg_task,20260717,event,layer1,tag__describes__event,127.0213851928711
pg_task,20260717,event,layer1,event__starts_in__zone,106.51092529296875
pg_task,20260717,event,layer1,zone__start_of__event,110.24990844726562
pg_task,20260717,event,layer1,event__ends_in__zone,98.07891082763672
pg_task,20260717,event,layer1,zone__end_of__event,119.25978088378906
pg_task,20260717,event,layer1,event__belongs_to__possession,73.0955810546875
pg_task,20260717,event,layer1,possession__contains__event,92.8599853515625
pg_task,20260717,event,layer1,possession__owned_by__team,0.0
pg_task,20260717,event,layer1,team__has_possession__possession,0.0
pg_task,20260717,event,layer1,possession__next__possession,0.0
pg_task,20260717,event,layer2,event__next__event,195.4547576904297
pg_task,20260717,event,layer2,event__gap_0_2s__event,150.3834991455078
pg_task,20260717,event,layer2,event__gap_2_5s__event,130.91018676757812
pg_task,20260717,event,layer2,event__gap_5_15s__event,67.28894805908203
pg_task,20260717,event,layer2,event__gap_15_60s__event,52.00143051147461
pg_task,20260717,event,layer2,event__gap_60plus__event,0.0
pg_task,20260717,event,layer2,event__period_break__event,0.0
pg_task,20260717,event,layer2,player__performs__event,161.68743896484375
pg_task,20260717,event,layer2,event__performed_by__player,114.21894836425781
pg_task,20260717,event,layer2,team__performs__event,180.73684692382812
pg_task,20260717,event,layer2,event__performed_by_team__team,129.14532470703125
pg_task,20260717,event,layer2,event__has_type__event_type,140.69009399414062
pg_task,20260717,event,layer2,event_type__describes__event,376.42462158203125
pg_task,20260717,event,layer2,event__has_tag__tag,161.31431579589844
pg_task,20260717,event,layer2,tag__describes__event,336.8736572265625
pg_task,20260717,event,layer2,event__starts_in__zone,131.70745849609375
pg_task,20260717,event,layer2,zone__start_of__event,271.0879211425781
pg_task,20260717,event,layer2,event__ends_in__zone,127.7967529296875
pg_task,20260717,event,layer2,zone__end_of__event,214.76251220703125
pg_task,20260717,event,layer2,event__belongs_to__possession,133.89425659179688
pg_task,20260717,event,layer2,possession__contains__event,160.0398406982422
pg_task,20260717,event,layer2,possession__owned_by__team,0.0
pg_task,20260717,event,layer2,team__has_possession__possession,0.0
pg_task,20260717,event,layer2,possession__next__possession,0.0
pg_task,20260717,time,layer1,event__next__event,115.22533416748047
pg_task,20260717,time,layer1,event__gap_0_2s__event,58.490234375
pg_task,20260717,time,layer1,event__gap_2_5s__event,90.46595001220703
pg_task,20260717,time,layer1,event__gap_5_15s__event,90.21409606933594
pg_task,20260717,time,layer1,event__gap_15_60s__event,51.285003662109375
pg_task,20260717,time,layer1,event__gap_60plus__event,0.0
pg_task,20260717,time,layer1,event__period_break__event,0.0
pg_task,20260717,time,layer1,player__performs__event,105.62525177001953
pg_task,20260717,time,layer1,event__performed_by__player,89.4940185546875
pg_task,20260717,time,layer1,team__performs__event,97.54800415039062
pg_task,20260717,time,layer1,event__performed_by_team__team,88.68727111816406
pg_task,20260717,time,layer1,event__has_type__event_type,96.57960510253906
pg_task,20260717,time,layer1,event_type__describes__event,106.11164093017578
pg_task,20260717,time,layer1,event__has_tag__tag,103.8485107421875
pg_task,20260717,time,layer1,tag__describes__event,126.9158706665039
pg_task,20260717,time,layer1,event__starts_in__zone,106.43402099609375
pg_task,20260717,time,layer1,zone__start_of__event,110.14601135253906
pg_task,20260717,time,layer1,event__ends_in__zone,97.99897003173828
pg_task,20260717,time,layer1,zone__end_of__event,119.15709686279297
pg_task,20260717,time,layer1,event__belongs_to__possession,73.02861022949219
pg_task,20260717,time,layer1,possession__contains__event,92.77217102050781
pg_task,20260717,time,layer1,possession__owned_by__team,0.0
pg_task,20260717,time,layer1,team__has_possession__possession,0.0
pg_task,20260717,time,layer1,possession__next__possession,0.0
pg_task,20260717,time,layer2,event__next__event,196.67234802246094
pg_task,20260717,time,layer2,event__gap_0_2s__event,151.37686157226562
pg_task,20260717,time,layer2,event__gap_2_5s__event,131.7992401123047
pg_task,20260717,time,layer2,event__gap_5_15s__event,67.73883819580078
pg_task,20260717,time,layer2,event__gap_15_60s__event,52.3530158996582
pg_task,20260717,time,layer2,event__gap_60plus__event,0.0
pg_task,20260717,time,layer2,event__period_break__event,0.0
pg_task,20260717,time,layer2,player__performs__event,162.58375549316406
pg_task,20260717,time,layer2,event__performed_by__player,114.90381622314453
pg_task,20260717,time,layer2,team__performs__event,181.84739685058594
pg_task,20260717,time,layer2,event__performed_by_team__team,129.9931640625
pg_task,20260717,time,layer2,event__has_type__event_type,141.60403442382812
pg_task,20260717,time,layer2,event_type__describes__event,378.70709228515625
pg_task,20260717,time,layer2,event__has_tag__tag,162.2922821044922
pg_task,20260717,time,layer2,tag__describes__event,338.8494567871094
pg_task,20260717,time,layer2,event__starts_in__zone,132.54290771484375
pg_task,20260717,time,layer2,zone__start_of__event,272.8519287109375
pg_task,20260717,time,layer2,event__ends_in__zone,128.60479736328125
pg_task,20260717,time,layer2,zone__end_of__event,216.01463317871094
pg_task,20260717,time,layer2,event__belongs_to__possession,134.75169372558594
pg_task,20260717,time,layer2,possession__contains__event,160.96817016601562
pg_task,20260717,time,layer2,possession__owned_by__team,0.0
pg_task,20260717,time,layer2,team__has_possession__possession,0.0
pg_task,20260717,time,layer2,possession__next__possession,0.0
pg_task,20260717,position,layer1,event__next__event,0.12640321254730225
pg_task,20260717,position,layer1,event__gap_0_2s__event,0.07425030320882797
pg_task,20260717,position,layer1,event__gap_2_5s__event,0.08611100167036057
pg_task,20260717,position,layer1,event__gap_5_15s__event,0.08202051371335983
pg_task,20260717,position,layer1,event__gap_15_60s__event,0.10551699250936508
pg_task,20260717,position,layer1,event__gap_60plus__event,0.0
pg_task,20260717,position,layer1,event__period_break__event,0.0
pg_task,20260717,position,layer1,player__performs__event,0.1294258087873459
pg_task,20260717,position,layer1,event__performed_by__player,0.09974367171525955
pg_task,20260717,position,layer1,team__performs__event,0.10913547873497009
pg_task,20260717,position,layer1,event__performed_by_team__team,0.1084919199347496
pg_task,20260717,position,layer1,event__has_type__event_type,0.12039069086313248
pg_task,20260717,position,layer1,event_type__describes__event,0.11702525615692139
pg_task,20260717,position,layer1,event__has_tag__tag,0.12181641906499863
pg_task,20260717,position,layer1,tag__describes__event,0.1486615091562271
pg_task,20260717,position,layer1,event__starts_in__zone,0.1259310096502304
pg_task,20260717,position,layer1,zone__start_of__event,0.12239611893892288
pg_task,20260717,position,layer1,event__ends_in__zone,0.11176738888025284
pg_task,20260717,position,layer1,zone__end_of__event,0.12992878258228302
pg_task,20260717,position,layer1,event__belongs_to__possession,0.0841076448559761
pg_task,20260717,position,layer1,possession__contains__event,0.10659796744585037
pg_task,20260717,position,layer1,possession__owned_by__team,0.0
pg_task,20260717,position,layer1,team__has_possession__possession,0.0
pg_task,20260717,position,layer1,possession__next__possession,0.0
pg_task,20260717,position,layer2,event__next__event,20.030099868774414
pg_task,20260717,position,layer2,event__gap_0_2s__event,12.671947479248047
pg_task,20260717,position,layer2,event__gap_2_5s__event,13.571279525756836
pg_task,20260717,position,layer2,event__gap_5_15s__event,10.94861888885498
pg_task,20260717,position,layer2,event__gap_15_60s__event,10.494550704956055
pg_task,20260717,position,layer2,event__gap_60plus__event,0.0
pg_task,20260717,position,layer2,event__period_break__event,0.0
pg_task,20260717,position,layer2,player__performs__event,25.74813461303711
pg_task,20260717,position,layer2,event__performed_by__player,29.265687942504883
pg_task,20260717,position,layer2,team__performs__event,32.58975601196289
pg_task,20260717,position,layer2,event__performed_by_team__team,29.955759048461914
pg_task,20260717,position,layer2,event__has_type__event_type,26.101831436157227
pg_task,20260717,position,layer2,event_type__describes__event,40.92317581176758
pg_task,20260717,position,layer2,event__has_tag__tag,32.05363845825195
pg_task,20260717,position,layer2,tag__describes__event,69.03392791748047
pg_task,20260717,position,layer2,event__starts_in__zone,26.297348022460938
pg_task,20260717,position,layer2,zone__start_of__event,52.96259689331055
pg_task,20260717,position,layer2,event__ends_in__zone,27.06793212890625
pg_task,20260717,position,layer2,zone__end_of__event,37.175872802734375
pg_task,20260717,position,layer2,event__belongs_to__possession,28.967676162719727
pg_task,20260717,position,layer2,possession__contains__event,49.18484878540039
pg_task,20260717,position,layer2,possession__owned_by__team,0.0
pg_task,20260717,position,layer2,team__has_possession__possession,0.0
pg_task,20260717,position,layer2,possession__next__possession,0.0
