split,mode,seed,group,value,samples,macro_f1_raw10,accuracy
validation,original,20260715,player_mask,False,573,0.26927894742481223,0.8760907504363001
validation,original,20260715,player_mask,True,6723,0.5465366837779483,0.760969805146512
validation,original,20260715,event_true,0,2049,0.07978879436784982,0.6637384089799903
validation,original,20260715,event_true,1,82,0.059829059829059825,0.4268292682926829
validation,original,20260715,event_true,2,431,0.1,1.0
validation,original,20260715,event_true,3,18,0.06666666666666667,0.5
validation,original,20260715,event_true,4,326,0.0889267461669506,0.8006134969325154
validation,original,20260715,event_true,5,25,0.0,0.0
validation,original,20260715,event_true,6,568,0.04178272980501393,0.2640845070422535
validation,original,20260715,event_true,7,3657,0.09468682505399569,0.8990976210008204
validation,original,20260715,event_true,8,50,0.09795918367346938,0.96
validation,original,20260715,event_true,9,90,0.05714285714285714,0.4
validation,original,20260715,control_state,1,459,0.19528847926267281,0.971677559912854
validation,original,20260715,control_state,2,3527,0.23283684662082757,0.7757300822228523
validation,original,20260715,control_state,3,3310,0.5201897803605033,0.7359516616314199
validation,original,20260715,event_role,1,4234,0.43566341071392845,0.7446858762399622
validation,original,20260715,event_role,2,422,0.47844997000330797,0.7511848341232228
validation,original,20260715,event_role,3,2197,0.33401398093841644,0.781520254893036
validation,original,20260715,event_role,4,443,0.09862700228832952,0.9729119638826185
validation,original,20260715,switch_confirmed,False,6355,0.6234060558182541,0.790558615263572
validation,original,20260715,switch_confirmed,True,941,0.37926224473384285,0.6312433581296493
validation,original,20260716,player_mask,False,573,0.25903998778998777,0.7835951134380453
validation,original,20260716,player_mask,True,6723,0.5390294072194384,0.7630522088353414
validation,original,20260716,event_true,0,2049,0.08094131319000582,0.6798438262567106
validation,original,20260716,event_true,1,82,0.06984126984126984,0.5365853658536586
validation,original,20260716,event_true,2,431,0.1,1.0
validation,original,20260716,event_true,3,18,0.06666666666666667,0.5
validation,original,20260716,event_true,4,326,0.0790352504638219,0.6533742331288344
validation,original,20260716,event_true,5,25,0.0,0.0
validation,original,20260716,event_true,6,568,0.0346433770014556,0.20950704225352113
validation,original,20260716,event_true,7,3657,0.09465648854961832,0.8985507246376812
validation,original,20260716,event_true,8,50,0.09795918367346938,0.96
validation,original,20260716,event_true,9,90,0.05714285714285714,0.4
validation,original,20260716,control_state,1,459,0.21369598882069782,0.9738562091503268
validation,original,20260716,control_state,2,3527,0.2217145089048868,0.7723277573008223
validation,original,20260716,control_state,3,3310,0.50161562479949,0.7274924471299093
validation,original,20260716,event_role,1,4234,0.41293452030321315,0.7411431270666037
validation,original,20260716,event_role,2,422,0.4797622008717841,0.7180094786729858
validation,original,20260716,event_role,3,2197,0.3256740089477909,0.7765134274010014
validation,original,20260716,event_role,4,443,0.11873997709049255,0.9751693002257337
validation,original,20260716,switch_confirmed,False,6355,0.6058605185211059,0.7831628638867034
validation,original,20260716,switch_confirmed,True,941,0.37055917719011583,0.6397449521785334
validation,original,20260717,player_mask,False,573,0.25962610373920814,0.7993019197207679
validation,original,20260717,player_mask,True,6723,0.5519480065831655,0.7661758143685855
validation,original,20260717,event_true,0,2049,0.08062918729973784,0.675451439726696
validation,original,20260717,event_true,1,82,0.07480916030534351,0.5975609756097561
validation,original,20260717,event_true,2,431,0.1,1.0
validation,original,20260717,event_true,3,18,0.07142857142857142,0.5555555555555556
validation,original,20260717,event_true,4,326,0.08014705882352942,0.6687116564417178
validation,original,20260717,event_true,5,25,0.0,0.0
validation,original,20260717,event_true,6,568,0.037714285714285714,0.2323943661971831
validation,original,20260717,event_true,7,3657,0.09488358723771198,0.9026524473612251
validation,original,20260717,event_true,8,50,0.09898989898989899,0.98
validation,original,20260717,event_true,9,90,0.05600000000000001,0.3888888888888889
validation,original,20260717,control_state,1,459,0.19862700228832952,0.9738562091503268
validation,original,20260717,control_state,2,3527,0.23355211633636846,0.777998298837539
validation,original,20260717,control_state,3,3310,0.5217275155319651,0.7305135951661631
validation,original,20260717,event_role,1,4234,0.432611781646939,0.7442135096835144
validation,original,20260717,event_role,2,422,0.4723995160319177,0.7488151658767772
validation,original,20260717,event_role,3,2197,0.33155231295665477,0.7787892580791989
validation,original,20260717,event_role,4,443,0.09862700228832952,0.9729119638826185
validation,original,20260717,switch_confirmed,False,6355,0.6277093074540127,0.7875688434303698
validation,original,20260717,switch_confirmed,True,941,0.3805928147386889,0.6418703506907545
validation,null,20260715,player_mask,False,573,0.26927894742481223,0.8760907504363001
validation,null,20260715,player_mask,True,6723,0.5465366837779483,0.760969805146512
validation,null,20260715,event_true,0,2049,0.07978879436784982,0.6637384089799903
validation,null,20260715,event_true,1,82,0.059829059829059825,0.4268292682926829
validation,null,20260715,event_true,2,431,0.1,1.0
validation,null,20260715,event_true,3,18,0.06666666666666667,0.5
validation,null,20260715,event_true,4,326,0.0889267461669506,0.8006134969325154
validation,null,20260715,event_true,5,25,0.0,0.0
validation,null,20260715,event_true,6,568,0.04178272980501393,0.2640845070422535
validation,null,20260715,event_true,7,3657,0.09468682505399569,0.8990976210008204
validation,null,20260715,event_true,8,50,0.09795918367346938,0.96
validation,null,20260715,event_true,9,90,0.05714285714285714,0.4
validation,null,20260715,control_state,1,459,0.19528847926267281,0.971677559912854
validation,null,20260715,control_state,2,3527,0.23283684662082757,0.7757300822228523
validation,null,20260715,control_state,3,3310,0.5201897803605033,0.7359516616314199
validation,null,20260715,event_role,1,4234,0.43566341071392845,0.7446858762399622
validation,null,20260715,event_role,2,422,0.47844997000330797,0.7511848341232228
validation,null,20260715,event_role,3,2197,0.33401398093841644,0.781520254893036
validation,null,20260715,event_role,4,443,0.09862700228832952,0.9729119638826185
validation,null,20260715,switch_confirmed,False,6355,0.6234060558182541,0.790558615263572
validation,null,20260715,switch_confirmed,True,941,0.37926224473384285,0.6312433581296493
validation,null,20260716,player_mask,False,573,0.25970910995082264,0.7888307155322862
validation,null,20260716,player_mask,True,6723,0.5424284640038342,0.763647181317864
validation,null,20260716,event_true,0,2049,0.08125181106925529,0.6842362127867252
validation,null,20260716,event_true,1,82,0.06446280991735537,0.47560975609756095
validation,null,20260716,event_true,2,431,0.1,1.0
validation,null,20260716,event_true,3,18,0.06666666666666667,0.5
validation,null,20260716,event_true,4,326,0.07970479704797048,0.6625766871165644
validation,null,20260716,event_true,5,25,0.0,0.0
validation,null,20260716,event_true,6,568,0.04,0.25
validation,null,20260716,event_true,7,3657,0.09432162982228001,0.8925348646431501
validation,null,20260716,event_true,8,50,0.09795918367346938,0.96
validation,null,20260716,event_true,9,90,0.05600000000000001,0.3888888888888889
validation,null,20260716,control_state,1,459,0.21369598882069782,0.9738562091503268
validation,null,20260716,control_state,2,3527,0.21772141524427685,0.7731783385313298
validation,null,20260716,control_state,3,3310,0.5075819947489373,0.7287009063444109
validation,null,20260716,event_role,1,4234,0.42131770674289076,0.7413793103448276
validation,null,20260716,event_role,2,422,0.504966670349501,0.7322274881516587
validation,null,20260716,event_role,3,2197,0.3251632776292199,0.7765134274010014
validation,null,20260716,event_role,4,443,0.11873997709049255,0.9751693002257337
validation,null,20260716,switch_confirmed,False,6355,0.614149487787771,0.7844217151848938
validation,null,20260716,switch_confirmed,True,941,0.37425472433496354,0.638682252922423
validation,null,20260717,player_mask,False,573,0.2609315412390409,0.8080279232111692
validation,null,20260717,player_mask,True,6723,0.5524411221202368,0.7675145024542614
validation,null,20260717,event_true,0,2049,0.08107951247823564,0.6817959980478282
validation,null,20260717,event_true,1,82,0.07384615384615385,0.5853658536585366
validation,null,20260717,event_true,2,431,0.1,1.0
validation,null,20260717,event_true,3,18,0.07142857142857142,0.5555555555555556
validation,null,20260717,event_true,4,326,0.08123861566484517,0.6840490797546013
validation,null,20260717,event_true,5,25,0.0,0.0
validation,null,20260717,event_true,6,568,0.037945791726105564,0.23415492957746478
validation,null,20260717,event_true,7,3657,0.09483824586628324,0.9018321028165163
validation,null,20260717,event_true,8,50,0.09898989898989899,0.98
validation,null,20260717,event_true,9,90,0.05483870967741935,0.37777777777777777
validation,null,20260717,control_state,1,459,0.19862700228832952,0.9738562091503268
validation,null,20260717,control_state,2,3527,0.23466168200078458,0.779699461298554
validation,null,20260717,control_state,3,3310,0.5216001364979965,0.7329305135951661
validation,null,20260717,event_role,1,4234,0.4347411991219753,0.7458667926310817
validation,null,20260717,event_role,2,422,0.4735552115583076,0.7535545023696683
validation,null,20260717,event_role,3,2197,0.3310023582019202,0.7810650887573964
validation,null,20260717,event_role,4,443,0.09862700228832952,0.9729119638826185
validation,null,20260717,switch_confirmed,False,6355,0.628434629904696,0.788985051140834
validation,null,20260717,switch_confirmed,True,941,0.38327990419802,0.6471838469713072
validation,base_post,20260715,player_mask,False,573,0.264309379557887,0.837696335078534
validation,base_post,20260715,player_mask,True,6723,0.547992817877902,0.7673657593336308
validation,base_post,20260715,event_true,0,2049,0.08132059079061685,0.6852122986822841
validation,base_post,20260715,event_true,1,82,0.06333333333333332,0.4634146341463415
validation,base_post,20260715,event_true,2,431,0.1,1.0
validation,base_post,20260715,event_true,3,18,0.07142857142857142,0.5555555555555556
validation,base_post,20260715,event_true,4,326,0.08460176991150442,0.7331288343558282
validation,base_post,20260715,event_true,5,25,0.0,0.0
validation,base_post,20260715,event_true,6,568,0.04200278164116829,0.2658450704225352
validation,base_post,20260715,event_true,7,3657,0.09464131374243734,0.8982772764561116
validation,base_post,20260715,event_true,8,50,0.09795918367346938,0.96
validation,base_post,20260715,event_true,9,90,0.05365853658536586,0.36666666666666664
validation,base_post,20260715,control_state,1,459,0.19528847926267281,0.971677559912854
validation,base_post,20260715,control_state,2,3527,0.21805512285573442,0.7799829883753898
validation,base_post,20260715,control_state,3,3310,0.5214913682638068,0.7377643504531722
validation,base_post,20260715,event_role,1,4234,0.44371675767548674,0.7505904581955598
validation,base_post,20260715,event_role,2,422,0.4663345810234909,0.7440758293838863
validation,base_post,20260715,event_role,3,2197,0.3327454052255976,0.7810650887573964
validation,base_post,20260715,event_role,4,443,0.09862700228832952,0.9729119638826185
validation,base_post,20260715,switch_confirmed,False,6355,0.627245580046502,0.792918961447679
validation,base_post,20260715,switch_confirmed,True,941,0.3844622717188566,0.6376195536663124
validation,base_post,20260716,player_mask,False,573,0.2603708791208791,0.794066317626527
validation,base_post,20260716,player_mask,True,6723,0.5468921612335705,0.7634984381972334
validation,base_post,20260716,event_true,0,2049,0.08186797347938887,0.6930209858467545
validation,base_post,20260716,event_true,1,82,0.06557377049180327,0.4878048780487805
validation,base_post,20260716,event_true,2,431,0.1,1.0
validation,base_post,20260716,event_true,3,18,0.07142857142857142,0.5555555555555556
validation,base_post,20260716,event_true,4,326,0.08036697247706423,0.6717791411042945
validation,base_post,20260716,event_true,5,25,0.0,0.0
validation,base_post,20260716,event_true,6,568,0.04022503516174402,0.2517605633802817
validation,base_post,20260716,event_true,7,3657,0.094,0.8867924528301887
validation,base_post,20260716,event_true,8,50,0.09795918367346938,0.96
validation,base_post,20260716,event_true,9,90,0.05483870967741935,0.37777777777777777
validation,base_post,20260716,control_state,1,459,0.21369598882069782,0.9738562091503268
validation,base_post,20260716,control_state,2,3527,0.24633948075720596,0.7734618656081655
validation,base_post,20260716,control_state,3,3310,0.5096098869544743,0.7290030211480363
validation,base_post,20260716,event_role,1,4234,0.42892345189125153,0.7401983939537081
validation,base_post,20260716,event_role,2,422,0.5108083280197033,0.7345971563981043
validation,base_post,20260716,event_role,3,2197,0.328592254555206,0.7792444242148384
validation,base_post,20260716,event_role,4,443,0.11873997709049255,0.9751693002257337
validation,base_post,20260716,switch_confirmed,False,6355,0.6182612153683947,0.7859952793076318
validation,base_post,20260716,switch_confirmed,True,941,0.3761734897995397,0.6301806588735388
validation,base_post,20260717,player_mask,False,573,0.2609315412390409,0.8080279232111692
validation,base_post,20260717,player_mask,True,6723,0.5525940461588514,0.7681094749367842
validation,base_post,20260717,event_true,0,2049,0.08118295158016817,0.6832601268911664
validation,base_post,20260717,event_true,1,82,0.07286821705426356,0.573170731707317
validation,base_post,20260717,event_true,2,431,0.1,1.0
validation,base_post,20260717,event_true,3,18,0.07142857142857142,0.5555555555555556
validation,base_post,20260717,event_true,4,326,0.08123861566484517,0.6840490797546013
validation,base_post,20260717,event_true,5,25,0.0,0.0
validation,base_post,20260717,event_true,6,568,0.038176638176638175,0.23591549295774647
validation,base_post,20260717,event_true,7,3657,0.09485336400230018,0.9021055509980859
validation,base_post,20260717,event_true,8,50,0.09898989898989899,0.98
validation,base_post,20260717,event_true,9,90,0.05483870967741935,0.37777777777777777
validation,base_post,20260717,control_state,1,459,0.19862700228832952,0.9738562091503268
validation,base_post,20260717,control_state,2,3527,0.23559519004025561,0.7799829883753898
validation,base_post,20260717,control_state,3,3310,0.521555255293469,0.7338368580060423
validation,base_post,20260717,event_role,1,4234,0.43505034591430614,0.7461029759093056
validation,base_post,20260717,event_role,2,422,0.4735552115583076,0.7535545023696683
validation,base_post,20260717,event_role,3,2197,0.33116240246104944,0.782430587164315
validation,base_post,20260717,event_role,4,443,0.09862700228832952,0.9729119638826185
validation,base_post,20260717,switch_confirmed,False,6355,0.6284562621625127,0.7894571203776554
validation,base_post,20260717,switch_confirmed,True,941,0.38390033927533407,0.6482465462274176
