mode,seed,group,samples,event_accuracy,event_macro_f1,time_mae_seconds,position_distance_mae_m
f80,20260715,CONTROL,48288,0.7789927104042412,0.23992697872889016,1.0649471282958984,12.311553001403809
f80,20260715,CONTESTED,43001,0.7361456710309062,0.5157308446928963,1.1036218404769897,19.282569885253906
f80,20260715,restart,5227,0.7555002869714942,0.46148549765238345,1.250453233718872,19.388954162597656
f80,20260715,switch,11820,0.6767343485617597,0.4131140341104387,1.3948214054107666,18.11712646484375
f80,20260715,boundary,5425,0.9690322580645161,0.15558387893098638,9.538752555847168,35.945255279541016
f80,20260715,long_possession,13683,0.7921508441131331,0.615182130000396,1.6621954441070557,15.743520736694336
f80,20260716,CONTROL,48288,0.7841492710404241,0.24261210543122252,1.055153489112854,12.24012279510498
f80,20260716,CONTESTED,43001,0.7371921583218994,0.4983513684988911,1.098071813583374,19.31263542175293
f80,20260716,restart,5227,0.74708245647599,0.4447872004439491,1.258725643157959,19.912137985229492
f80,20260716,switch,11820,0.682741116751269,0.4071359998822257,1.3866301774978638,17.998037338256836
f80,20260716,boundary,5425,0.967926267281106,0.14666947409339012,9.113801002502441,37.333152770996094
f80,20260716,long_possession,13683,0.797997515164803,0.6012721857424945,1.6007215976715088,16.220609664916992
f80,20260717,CONTROL,48288,0.780400927766733,0.20704186105782418,1.0561153888702393,11.519083023071289
f80,20260717,CONTESTED,43001,0.7209367224018046,0.5109405799036106,1.1102737188339233,20.234790802001953
f80,20260717,restart,5227,0.7463171991582169,0.43963248822772866,1.2428629398345947,19.216251373291016
f80,20260717,switch,11820,0.6658206429780034,0.4119614261644843,1.3907618522644043,17.771873474121094
f80,20260717,boundary,5425,0.9706912442396314,0.1768031436176955,9.157330513000488,36.09917068481445
f80,20260717,long_possession,13683,0.7873273404955053,0.6206056502090055,1.6265400648117065,16.181856155395508
fixed_a,20260715,CONTROL,48288,0.776321239231279,0.2294948928054478,1.0389221906661987,11.917805671691895
fixed_a,20260715,CONTESTED,43001,0.7365642659473035,0.5132260387669476,1.1011979579925537,19.3272705078125
fixed_a,20260715,restart,5227,0.749186914099866,0.4434750492840413,1.2671009302139282,19.43480110168457
fixed_a,20260715,switch,11820,0.6712351945854484,0.4129951846445244,1.3586114645004272,17.701242446899414
fixed_a,20260715,boundary,5425,0.9688479262672811,0.15297723217715706,9.996045112609863,34.75802993774414
fixed_a,20260715,long_possession,13683,0.7920777607249873,0.6118440143885462,1.663983941078186,15.940296173095703
fixed_a,20260716,CONTROL,48288,0.7808772365805169,0.2308990535949514,1.0411242246627808,11.956772804260254
fixed_a,20260716,CONTESTED,43001,0.734331759726518,0.48756792799337145,1.0921438932418823,19.7470645904541
fixed_a,20260716,restart,5227,0.7426822268987947,0.44337822074297917,1.243389368057251,19.860233306884766
fixed_a,20260716,switch,11820,0.6769035532994924,0.40707482238092824,1.3714385032653809,18.67397117614746
fixed_a,20260716,boundary,5425,0.9686635944700461,0.1545530492898914,9.267278671264648,31.58525848388672
fixed_a,20260716,long_possession,13683,0.7907622597383615,0.5853351242193476,1.623708963394165,15.875815391540527
fixed_a,20260717,CONTROL,48288,0.779696819085487,0.2207119726116596,1.0537807941436768,11.96306037902832
fixed_a,20260717,CONTESTED,43001,0.7232157391688565,0.5074366688160344,1.0978524684906006,19.831289291381836
fixed_a,20260717,restart,5227,0.7465085134876602,0.46588389984498874,1.2683736085891724,18.986133575439453
fixed_a,20260717,switch,11820,0.6684433164128596,0.3950448695997236,1.373239278793335,18.022838592529297
fixed_a,20260717,boundary,5425,0.9716129032258064,0.1827991601133055,9.1193265914917,31.67476463317871
fixed_a,20260717,long_possession,13683,0.7903968427976321,0.6122387388369666,1.630355954170227,16.152864456176758
fixed_b,20260715,CONTROL,48288,0.7836936713055004,0.23161025596140608,1.0407741069793701,11.729607582092285
fixed_b,20260715,CONTESTED,43001,0.7292388549103509,0.5119155617433637,1.1078054904937744,19.331632614135742
fixed_b,20260715,restart,5227,0.7549263439831644,0.44502952575786364,1.238893747329712,18.860692977905273
fixed_b,20260715,switch,11820,0.671150592216582,0.4050290024146334,1.3824666738510132,17.216312408447266
fixed_b,20260715,boundary,5425,0.9703225806451613,0.17458879334331484,10.309650421142578,36.797569274902344
fixed_b,20260715,long_possession,13683,0.7937586786523423,0.6084216944427479,1.6913058757781982,16.111101150512695
fixed_b,20260716,CONTROL,48288,0.7839214711729622,0.24549954906129448,1.0469154119491577,11.499611854553223
fixed_b,20260716,CONTESTED,43001,0.7379828376084278,0.5127337150246367,1.0969191789627075,19.417102813720703
fixed_b,20260716,restart,5227,0.7488042854409795,0.45449154647594386,1.248248815536499,19.551332473754883
fixed_b,20260716,switch,11820,0.6849407783417936,0.40797481802352265,1.3693358898162842,18.438358306884766
fixed_b,20260716,boundary,5425,0.9695852534562212,0.1640422474249988,9.14918327331543,28.372543334960938
fixed_b,20260716,long_possession,13683,0.7950741796389681,0.6042602309284357,1.6067841053009033,14.976576805114746
fixed_b,20260717,CONTROL,48288,0.7811671636845593,0.2168763352449135,1.059831142425537,11.078222274780273
fixed_b,20260717,CONTESTED,43001,0.7178902816213576,0.49209792166322613,1.1004836559295654,20.037076950073242
fixed_b,20260717,restart,5227,0.7468911421465467,0.44893762016629496,1.2491592168807983,18.86971092224121
fixed_b,20260717,switch,11820,0.660067681895093,0.3950976936035523,1.3833491802215576,17.656070709228516
fixed_b,20260717,boundary,5425,0.9701382488479263,0.17150285732185927,9.249378204345703,32.594085693359375
fixed_b,20260717,long_possession,13683,0.7870350069429218,0.594354431718273,1.6298747062683105,15.792963981628418
sf_a,20260715,CONTROL,48288,0.7744781312127237,0.22347512445712353,1.0267689228057861,12.02728271484375
sf_a,20260715,CONTESTED,43001,0.7360991604846399,0.5121055705951706,1.0940873622894287,19.224145889282227
sf_a,20260715,restart,5227,0.7555002869714942,0.44948939212899275,1.2223621606826782,19.126148223876953
sf_a,20260715,switch,11820,0.6719966159052454,0.3988065728080399,1.359704613685608,17.89011001586914
sf_a,20260715,boundary,5425,0.9688479262672811,0.15297723217715706,9.918131828308105,34.98257064819336
sf_a,20260715,long_possession,13683,0.7912738434553825,0.6092450301606377,1.6562960147857666,15.725631713867188
sf_a,20260716,CONTROL,48288,0.7813535453943009,0.22427849860405455,1.0365689992904663,11.61473560333252
sf_a,20260716,CONTESTED,43001,0.7322620404176647,0.4866966773727648,1.1009246110916138,19.496665954589844
sf_a,20260716,restart,5227,0.7486129711115362,0.4486608735279276,1.2301101684570312,19.058521270751953
sf_a,20260716,switch,11820,0.676818950930626,0.4123965095423559,1.3726905584335327,18.618465423583984
sf_a,20260716,boundary,5425,0.9688479262672811,0.15556509606096383,9.250609397888184,31.857473373413086
sf_a,20260716,long_possession,13683,0.7913469268435285,0.5904368734746995,1.6199500560760498,15.544475555419922
sf_a,20260717,CONTROL,48288,0.7809186547382373,0.2227774364509833,1.0491527318954468,11.693203926086426
sf_a,20260717,CONTESTED,43001,0.7253784795702426,0.5138076701551562,1.1011103391647339,19.768890380859375
sf_a,20260717,restart,5227,0.7453606275110006,0.4674585402449442,1.2487033605575562,19.002161026000977
sf_a,20260717,switch,11820,0.6685279187817259,0.4083697573906095,1.3733617067337036,17.81698989868164
sf_a,20260717,boundary,5425,0.9710599078341013,0.18120839213472575,9.140090942382812,32.209598541259766
sf_a,20260717,long_possession,13683,0.7917854271724037,0.6095020935506652,1.6345247030258179,15.917513847351074
sf_b,20260715,CONTROL,48288,0.7783300198807157,0.24052341221246754,1.0384986400604248,11.432941436767578
sf_b,20260715,CONTESTED,43001,0.7243087370061161,0.516385579795524,1.112032413482666,19.004314422607422
sf_b,20260715,restart,5227,0.7579873732542567,0.45351567637062684,1.2466644048690796,18.61292266845703
sf_b,20260715,switch,11820,0.6653976311336718,0.4197659411201224,1.3661949634552002,17.304866790771484
sf_b,20260715,boundary,5425,0.967926267281106,0.13838558287966962,9.997917175292969,34.65422821044922
sf_b,20260715,long_possession,13683,0.7865965066140467,0.6087508321303384,1.6762536764144897,15.443535804748535
sf_b,20260716,CONTROL,48288,0.7842113982770046,0.24964367481055222,1.043289065361023,11.300278663635254
sf_b,20260716,CONTESTED,43001,0.7355410339294435,0.5016297448215328,1.0930140018463135,19.493114471435547
sf_b,20260716,restart,5227,0.7574134302659269,0.4788695688943245,1.2459958791732788,18.853431701660156
sf_b,20260716,switch,11820,0.6833333333333333,0.40425245595774806,1.3663560152053833,18.278484344482422
sf_b,20260716,boundary,5425,0.9705069124423963,0.17459833784003995,9.198071479797363,27.692052841186523
sf_b,20260716,long_possession,13683,0.793393261711613,0.6005686760750366,1.6162259578704834,14.89179515838623
sf_b,20260717,CONTROL,48288,0.7816434724983433,0.21718405472858002,1.055053472518921,11.579030990600586
sf_b,20260717,CONTESTED,43001,0.7235180577195879,0.5143729428295315,1.0946468114852905,19.850156784057617
sf_b,20260717,restart,5227,0.7480390281232064,0.4560009826417101,1.2361171245574951,18.84281349182129
sf_b,20260717,switch,11820,0.6631979695431472,0.39471680500778944,1.385430932044983,17.773265838623047
sf_b,20260717,boundary,5425,0.9710599078341013,0.18035174075783214,9.117851257324219,31.532453536987305
sf_b,20260717,long_possession,13683,0.7895198421398816,0.6107833930512453,1.6237131357192993,15.790472030639648
