model,seed,true_event,predicted_event,count,share_of_errors,rate_given_true
original,20260715,Duel,Foul,125,0.005545942588402325,0.0046641791044776115
original,20260715,Duel,Free Kick,3,0.0001331026221216558,0.00011194029850746269
original,20260715,Duel,Goalkeeper leaving line,1,4.43675407072186e-05,3.7313432835820896e-05
original,20260715,Duel,Interruption,597,0.026487421802209504,0.022276119402985076
original,20260715,Duel,Offside,0,0.0,0.0
original,20260715,Duel,Others on the ball,208,0.009228448467101469,0.007761194029850746
original,20260715,Duel,Pass,8206,0.36408003904343583,0.3061940298507463
original,20260715,Duel,Save attempt,0,0.0,0.0
original,20260715,Duel,Shot,254,0.011269355339633524,0.009477611940298508
original,20260715,Foul,Duel,46,0.0020409068725320556,0.038525963149078725
original,20260715,Foul,Free Kick,39,0.0017303340875815254,0.032663316582914576
original,20260715,Foul,Goalkeeper leaving line,0,0.0,0.0
original,20260715,Foul,Interruption,7,0.0003105727849505302,0.005862646566164154
original,20260715,Foul,Offside,0,0.0,0.0
original,20260715,Foul,Others on the ball,12,0.0005324104884866232,0.010050251256281407
original,20260715,Foul,Pass,646,0.028661431296863216,0.541038525963149
original,20260715,Foul,Save attempt,0,0.0,0.0
original,20260715,Foul,Shot,13,0.0005767780291938418,0.010887772194304857
original,20260715,Free Kick,Duel,0,0.0,0.0
original,20260715,Free Kick,Foul,0,0.0,0.0
original,20260715,Free Kick,Goalkeeper leaving line,0,0.0,0.0
original,20260715,Free Kick,Interruption,2,8.87350814144372e-05,0.0003606202668589975
original,20260715,Free Kick,Offside,0,0.0,0.0
original,20260715,Free Kick,Others on the ball,1,4.43675407072186e-05,0.00018031013342949875
original,20260715,Free Kick,Pass,8,0.0003549403256577488,0.00144248106743599
original,20260715,Free Kick,Save attempt,0,0.0,0.0
original,20260715,Free Kick,Shot,0,0.0,0.0
original,20260715,Goalkeeper leaving line,Duel,17,0.0007542481920227162,0.08585858585858586
original,20260715,Goalkeeper leaving line,Foul,0,0.0,0.0
original,20260715,Goalkeeper leaving line,Free Kick,0,0.0,0.0
original,20260715,Goalkeeper leaving line,Interruption,53,0.002351479657482586,0.2676767676767677
original,20260715,Goalkeeper leaving line,Offside,0,0.0,0.0
original,20260715,Goalkeeper leaving line,Others on the ball,9,0.0003993078663649674,0.045454545454545456
original,20260715,Goalkeeper leaving line,Pass,4,0.0001774701628288744,0.020202020202020204
original,20260715,Goalkeeper leaving line,Save attempt,0,0.0,0.0
original,20260715,Goalkeeper leaving line,Shot,0,0.0,0.0
original,20260715,Interruption,Duel,77,0.003416300634455832,0.01794453507340946
original,20260715,Interruption,Foul,0,0.0,0.0
original,20260715,Interruption,Free Kick,128,0.005679045210523981,0.029829876485667678
original,20260715,Interruption,Goalkeeper leaving line,4,0.0001774701628288744,0.0009321836401771149
original,20260715,Interruption,Offside,0,0.0,0.0
original,20260715,Interruption,Others on the ball,130,0.005767780291938418,0.030295968305756232
original,20260715,Interruption,Pass,494,0.02191756510936599,0.1151246795618737
original,20260715,Interruption,Save attempt,0,0.0,0.0
original,20260715,Interruption,Shot,5,0.000221837703536093,0.0011652295502213937
original,20260715,Offside,Duel,3,0.0001331026221216558,0.011857707509881422
original,20260715,Offside,Foul,0,0.0,0.0
original,20260715,Offside,Free Kick,0,0.0,0.0
original,20260715,Offside,Goalkeeper leaving line,0,0.0,0.0
original,20260715,Offside,Interruption,24,0.0010648209769732464,0.09486166007905138
original,20260715,Offside,Others on the ball,56,0.0024845822796042416,0.22134387351778656
original,20260715,Offside,Pass,168,0.007453746838812725,0.6640316205533597
original,20260715,Offside,Save attempt,0,0.0,0.0
original,20260715,Offside,Shot,2,8.87350814144372e-05,0.007905138339920948
original,20260715,Others on the ball,Duel,538,0.023869736900483607,0.06891251441014475
original,20260715,Others on the ball,Foul,30,0.001331026221216558,0.0038427052645062126
original,20260715,Others on the ball,Free Kick,0,0.0,0.0
original,20260715,Others on the ball,Goalkeeper leaving line,2,8.87350814144372e-05,0.0002561803509670808
original,20260715,Others on the ball,Interruption,401,0.01779138382359466,0.05136416036889971
original,20260715,Others on the ball,Offside,0,0.0,0.0
original,20260715,Others on the ball,Pass,4554,0.2020497803806735,0.5833226591520431
original,20260715,Others on the ball,Save attempt,2,8.87350814144372e-05,0.0002561803509670808
original,20260715,Others on the ball,Shot,95,0.004214916367185767,0.01216856667093634
original,20260715,Pass,Duel,2359,0.10466302852832868,0.048088879828763635
original,20260715,Pass,Foul,254,0.011269355339633524,0.005177861583936398
original,20260715,Pass,Free Kick,24,0.0010648209769732464,0.00048924676383651
original,20260715,Pass,Goalkeeper leaving line,0,0.0,0.0
original,20260715,Pass,Interruption,1206,0.05350725409290563,0.02458464988278463
original,20260715,Pass,Offside,0,0.0,0.0
original,20260715,Pass,Others on the ball,811,0.035982075513554285,0.016532463561308736
original,20260715,Pass,Save attempt,0,0.0,0.0
original,20260715,Pass,Shot,137,0.006078353076888948,0.0027927836102334116
original,20260715,Save attempt,Duel,5,0.000221837703536093,0.009596928982725527
original,20260715,Save attempt,Foul,0,0.0,0.0
original,20260715,Save attempt,Free Kick,4,0.0001774701628288744,0.007677543186180422
original,20260715,Save attempt,Goalkeeper leaving line,8,0.0003549403256577488,0.015355086372360844
original,20260715,Save attempt,Interruption,14,0.0006211455699010604,0.026871401151631478
original,20260715,Save attempt,Offside,0,0.0,0.0
original,20260715,Save attempt,Others on the ball,11,0.0004880429477794046,0.02111324376199616
original,20260715,Save attempt,Pass,2,8.87350814144372e-05,0.003838771593090211
original,20260715,Save attempt,Shot,0,0.0,0.0
original,20260715,Shot,Duel,152,0.006743866187497227,0.12398042414355628
original,20260715,Shot,Foul,5,0.000221837703536093,0.004078303425774877
original,20260715,Shot,Free Kick,0,0.0,0.0
original,20260715,Shot,Goalkeeper leaving line,0,0.0,0.0
original,20260715,Shot,Interruption,26,0.0011535560583876836,0.021207177814029365
original,20260715,Shot,Offside,0,0.0,0.0
original,20260715,Shot,Others on the ball,48,0.002129641953946493,0.03915171288743882
original,20260715,Shot,Pass,509,0.022583078219974267,0.41517128874388254
original,20260715,Shot,Save attempt,0,0.0,0.0
original,20260716,Duel,Foul,217,0.009466474719713824,0.008097014925373134
original,20260716,Duel,Free Kick,4,0.00017449722985647602,0.00014925373134328358
original,20260716,Duel,Goalkeeper leaving line,1,4.3624307464119006e-05,3.7313432835820896e-05
original,20260716,Duel,Interruption,330,0.014396021463159272,0.012313432835820896
original,20260716,Duel,Offside,0,0.0,0.0
original,20260716,Duel,Others on the ball,193,0.008419491340574969,0.007201492537313433
original,20260716,Duel,Pass,7811,0.34074946560223357,0.291455223880597
original,20260716,Duel,Save attempt,0,0.0,0.0
original,20260716,Duel,Shot,266,0.011604065785455656,0.009925373134328359
original,20260716,Foul,Duel,75,0.0032718230598089257,0.06281407035175879
original,20260716,Foul,Free Kick,38,0.0016577236836365222,0.031825795644891124
original,20260716,Foul,Goalkeeper leaving line,0,0.0,0.0
original,20260716,Foul,Interruption,5,0.00021812153732059505,0.0041876046901172526
original,20260716,Foul,Offside,0,0.0,0.0
original,20260716,Foul,Others on the ball,10,0.0004362430746411901,0.008375209380234505
original,20260716,Foul,Pass,418,0.018234960520001744,0.3500837520938023
original,20260716,Foul,Save attempt,0,0.0,0.0
original,20260716,Foul,Shot,23,0.0010033590716747372,0.019262981574539362
original,20260716,Free Kick,Duel,0,0.0,0.0
original,20260716,Free Kick,Foul,0,0.0,0.0
original,20260716,Free Kick,Goalkeeper leaving line,0,0.0,0.0
original,20260716,Free Kick,Interruption,1,4.3624307464119006e-05,0.00018031013342949875
original,20260716,Free Kick,Offside,0,0.0,0.0
original,20260716,Free Kick,Others on the ball,2,8.724861492823801e-05,0.0003606202668589975
original,20260716,Free Kick,Pass,11,0.00047986738210530907,0.001983411467724486
original,20260716,Free Kick,Save attempt,0,0.0,0.0
original,20260716,Free Kick,Shot,0,0.0,0.0
original,20260716,Goalkeeper leaving line,Duel,17,0.0007416132268900232,0.08585858585858586
original,20260716,Goalkeeper leaving line,Foul,0,0.0,0.0
original,20260716,Goalkeeper leaving line,Free Kick,0,0.0,0.0
original,20260716,Goalkeeper leaving line,Interruption,40,0.0017449722985647604,0.20202020202020202
original,20260716,Goalkeeper leaving line,Offside,0,0.0,0.0
original,20260716,Goalkeeper leaving line,Others on the ball,10,0.0004362430746411901,0.050505050505050504
original,20260716,Goalkeeper leaving line,Pass,8,0.00034899445971295204,0.04040404040404041
original,20260716,Goalkeeper leaving line,Save attempt,1,4.3624307464119006e-05,0.005050505050505051
original,20260716,Goalkeeper leaving line,Shot,0,0.0,0.0
original,20260716,Interruption,Duel,181,0.00789599965100554,0.04218130971801445
original,20260716,Interruption,Foul,0,0.0,0.0
original,20260716,Interruption,Free Kick,127,0.0055402870479431135,0.029596830575623397
original,20260716,Interruption,Goalkeeper leaving line,6,0.00026174584478471405,0.0013982754602656724
original,20260716,Interruption,Offside,0,0.0,0.0
original,20260716,Interruption,Others on the ball,178,0.0077651267286131835,0.041482171987881615
original,20260716,Interruption,Pass,985,0.042969942852157224,0.22955022139361453
original,20260716,Interruption,Save attempt,0,0.0,0.0
original,20260716,Interruption,Shot,15,0.0006543646119617851,0.003495688650664181
original,20260716,Offside,Duel,5,0.00021812153732059505,0.019762845849802372
original,20260716,Offside,Foul,1,4.3624307464119006e-05,0.003952569169960474
original,20260716,Offside,Free Kick,0,0.0,0.0
original,20260716,Offside,Goalkeeper leaving line,0,0.0,0.0
original,20260716,Offside,Interruption,20,0.0008724861492823802,0.07905138339920949
original,20260716,Offside,Others on the ball,43,0.0018758452209571173,0.16996047430830039
original,20260716,Offside,Pass,180,0.007852375343541421,0.7114624505928854
original,20260716,Offside,Save attempt,0,0.0,0.0
original,20260716,Offside,Shot,4,0.00017449722985647602,0.015810276679841896
original,20260716,Others on the ball,Duel,684,0.0298390263054574,0.08761368003074164
original,20260716,Others on the ball,Foul,63,0.0027483313702394976,0.008069681055463046
original,20260716,Others on the ball,Free Kick,0,0.0,0.0
original,20260716,Others on the ball,Goalkeeper leaving line,5,0.00021812153732059505,0.0006404508774177021
original,20260716,Others on the ball,Interruption,247,0.010775203943637394,0.03163827334443448
original,20260716,Others on the ball,Offside,0,0.0,0.0
original,20260716,Others on the ball,Pass,4779,0.20848056537102475,0.6121429486358396
original,20260716,Others on the ball,Save attempt,2,8.724861492823801e-05,0.0002561803509670808
original,20260716,Others on the ball,Shot,113,0.0049295467434454475,0.014474189829640067
original,20260716,Pass,Duel,2965,0.12934607163111286,0.06044236061563551
original,20260716,Pass,Foul,480,0.020939667582777124,0.009784935276730201
original,20260716,Pass,Free Kick,22,0.0009597347642106181,0.0004484762001834675
original,20260716,Pass,Goalkeeper leaving line,6,0.00026174584478471405,0.0001223116909591275
original,20260716,Pass,Interruption,670,0.029228286000959735,0.013658138823769239
original,20260716,Pass,Offside,0,0.0,0.0
original,20260716,Pass,Others on the ball,729,0.03180212014134275,0.014860870451533992
original,20260716,Pass,Save attempt,0,0.0,0.0
original,20260716,Pass,Shot,185,0.008070496880862017,0.0037712771379064315
original,20260716,Save attempt,Duel,3,0.00013087292239235702,0.005758157389635317
original,20260716,Save attempt,Foul,0,0.0,0.0
original,20260716,Save attempt,Free Kick,0,0.0,0.0
original,20260716,Save attempt,Goalkeeper leaving line,10,0.0004362430746411901,0.019193857965451054
original,20260716,Save attempt,Interruption,14,0.0006107403044976661,0.026871401151631478
original,20260716,Save attempt,Offside,0,0.0,0.0
original,20260716,Save attempt,Others on the ball,3,0.00013087292239235702,0.005758157389635317
original,20260716,Save attempt,Pass,5,0.00021812153732059505,0.009596928982725527
original,20260716,Save attempt,Shot,0,0.0,0.0
original,20260716,Shot,Duel,202,0.00881211010775204,0.16476345840130505
original,20260716,Shot,Foul,11,0.00047986738210530907,0.00897226753670473
original,20260716,Shot,Free Kick,0,0.0,0.0
original,20260716,Shot,Goalkeeper leaving line,0,0.0,0.0
original,20260716,Shot,Interruption,15,0.0006543646119617851,0.012234910277324634
original,20260716,Shot,Offside,0,0.0,0.0
original,20260716,Shot,Others on the ball,54,0.002355712603062426,0.04404567699836868
original,20260716,Shot,Pass,430,0.018758452209571175,0.35073409461663946
original,20260716,Shot,Save attempt,0,0.0,0.0
original,20260717,Duel,Foul,245,0.010918003565062388,0.00914179104477612
original,20260717,Duel,Free Kick,3,0.00013368983957219252,0.00011194029850746269
original,20260717,Duel,Goalkeeper leaving line,1,4.45632798573975e-05,3.7313432835820896e-05
original,20260717,Duel,Interruption,310,0.013814616755793227,0.011567164179104477
original,20260717,Duel,Offside,0,0.0,0.0
original,20260717,Duel,Others on the ball,200,0.008912655971479501,0.007462686567164179
original,20260717,Duel,Pass,8084,0.3602495543672014,0.3016417910447761
original,20260717,Duel,Save attempt,0,0.0,0.0
original,20260717,Duel,Shot,228,0.010160427807486631,0.008507462686567165
original,20260717,Foul,Duel,34,0.0015151515151515152,0.02847571189279732
original,20260717,Foul,Free Kick,39,0.0017379679144385028,0.032663316582914576
original,20260717,Foul,Goalkeeper leaving line,0,0.0,0.0
original,20260717,Foul,Interruption,1,4.45632798573975e-05,0.0008375209380234506
original,20260717,Foul,Offside,0,0.0,0.0
original,20260717,Foul,Others on the ball,4,0.00017825311942959,0.0033500837520938024
original,20260717,Foul,Pass,425,0.01893939393939394,0.3559463986599665
original,20260717,Foul,Save attempt,0,0.0,0.0
original,20260717,Foul,Shot,15,0.0006684491978609625,0.01256281407035176
original,20260717,Free Kick,Duel,0,0.0,0.0
original,20260717,Free Kick,Foul,0,0.0,0.0
original,20260717,Free Kick,Goalkeeper leaving line,0,0.0,0.0
original,20260717,Free Kick,Interruption,1,4.45632798573975e-05,0.00018031013342949875
original,20260717,Free Kick,Offside,0,0.0,0.0
original,20260717,Free Kick,Others on the ball,1,4.45632798573975e-05,0.00018031013342949875
original,20260717,Free Kick,Pass,7,0.00031194295900178256,0.0012621709340064912
original,20260717,Free Kick,Save attempt,0,0.0,0.0
original,20260717,Free Kick,Shot,0,0.0,0.0
original,20260717,Goalkeeper leaving line,Duel,13,0.0005793226381461676,0.06565656565656566
original,20260717,Goalkeeper leaving line,Foul,0,0.0,0.0
original,20260717,Goalkeeper leaving line,Free Kick,0,0.0,0.0
original,20260717,Goalkeeper leaving line,Interruption,44,0.00196078431372549,0.2222222222222222
original,20260717,Goalkeeper leaving line,Offside,0,0.0,0.0
original,20260717,Goalkeeper leaving line,Others on the ball,15,0.0006684491978609625,0.07575757575757576
original,20260717,Goalkeeper leaving line,Pass,7,0.00031194295900178256,0.03535353535353535
original,20260717,Goalkeeper leaving line,Save attempt,0,0.0,0.0
original,20260717,Goalkeeper leaving line,Shot,0,0.0,0.0
original,20260717,Interruption,Duel,155,0.006907308377896613,0.036122116056863204
original,20260717,Interruption,Foul,0,0.0,0.0
original,20260717,Interruption,Free Kick,128,0.00570409982174688,0.029829876485667678
original,20260717,Interruption,Goalkeeper leaving line,5,0.0002228163992869875,0.0011652295502213937
original,20260717,Interruption,Offside,0,0.0,0.0
original,20260717,Interruption,Others on the ball,158,0.007040998217468806,0.036821253786996036
original,20260717,Interruption,Pass,962,0.0428698752228164,0.22419016546259612
original,20260717,Interruption,Save attempt,0,0.0,0.0
original,20260717,Interruption,Shot,3,0.00013368983957219252,0.0006991377301328362
original,20260717,Offside,Duel,3,0.00013368983957219252,0.011857707509881422
original,20260717,Offside,Foul,0,0.0,0.0
original,20260717,Offside,Free Kick,0,0.0,0.0
original,20260717,Offside,Goalkeeper leaving line,0,0.0,0.0
original,20260717,Offside,Interruption,12,0.0005347593582887701,0.04743083003952569
original,20260717,Offside,Others on the ball,58,0.002584670231729055,0.22924901185770752
original,20260717,Offside,Pass,178,0.007932263814616756,0.7035573122529645
original,20260717,Offside,Save attempt,0,0.0,0.0
original,20260717,Offside,Shot,2,8.9126559714795e-05,0.007905138339920948
original,20260717,Others on the ball,Duel,592,0.026381461675579324,0.07582938388625593
original,20260717,Others on the ball,Foul,58,0.002584670231729055,0.007429230178045344
original,20260717,Others on the ball,Free Kick,0,0.0,0.0
original,20260717,Others on the ball,Goalkeeper leaving line,4,0.00017825311942959,0.0005123607019341616
original,20260717,Others on the ball,Interruption,285,0.01270053475935829,0.03650570001280902
original,20260717,Others on the ball,Offside,0,0.0,0.0
original,20260717,Others on the ball,Pass,4773,0.2127005347593583,0.6113744075829384
original,20260717,Others on the ball,Save attempt,2,8.9126559714795e-05,0.0002561803509670808
original,20260717,Others on the ball,Shot,85,0.003787878787878788,0.010887664916100935
original,20260717,Pass,Duel,2444,0.1089126559714795,0.04982162878401794
original,20260717,Pass,Foul,549,0.02446524064171123,0.011191519722760166
original,20260717,Pass,Free Kick,26,0.0011586452762923352,0.0005300173274895525
original,20260717,Pass,Goalkeeper leaving line,1,4.45632798573975e-05,2.0385281826521252e-05
original,20260717,Pass,Interruption,643,0.028654188948306597,0.013107736214453165
original,20260717,Pass,Offside,0,0.0,0.0
original,20260717,Pass,Others on the ball,716,0.03190730837789661,0.014595861787789216
original,20260717,Pass,Save attempt,0,0.0,0.0
original,20260717,Pass,Shot,144,0.006417112299465241,0.0029354805830190604
original,20260717,Save attempt,Duel,3,0.00013368983957219252,0.005758157389635317
original,20260717,Save attempt,Foul,0,0.0,0.0
original,20260717,Save attempt,Free Kick,0,0.0,0.0
original,20260717,Save attempt,Goalkeeper leaving line,8,0.00035650623885918,0.015355086372360844
original,20260717,Save attempt,Interruption,11,0.0004901960784313725,0.02111324376199616
original,20260717,Save attempt,Offside,0,0.0,0.0
original,20260717,Save attempt,Others on the ball,2,8.9126559714795e-05,0.003838771593090211
original,20260717,Save attempt,Pass,9,0.00040106951871657755,0.01727447216890595
original,20260717,Save attempt,Shot,0,0.0,0.0
original,20260717,Shot,Duel,180,0.008021390374331552,0.1468189233278956
original,20260717,Shot,Foul,14,0.0006238859180035651,0.011419249592169658
original,20260717,Shot,Free Kick,0,0.0,0.0
original,20260717,Shot,Goalkeeper leaving line,0,0.0,0.0
original,20260717,Shot,Interruption,25,0.0011140819964349377,0.020391517128874388
original,20260717,Shot,Offside,0,0.0,0.0
original,20260717,Shot,Others on the ball,59,0.002629233511586453,0.04812398042414356
original,20260717,Shot,Pass,466,0.020766488413547238,0.3800978792822186
original,20260717,Shot,Save attempt,0,0.0,0.0
rotate,20260715,Duel,Foul,107,0.005001168497312456,0.003992537313432836
rotate,20260715,Duel,Free Kick,1,4.673989249824725e-05,3.7313432835820896e-05
rotate,20260715,Duel,Goalkeeper leaving line,2,9.34797849964945e-05,7.462686567164179e-05
rotate,20260715,Duel,Interruption,209,0.009768637532133676,0.0077985074626865675
rotate,20260715,Duel,Offside,0,0.0,0.0
rotate,20260715,Duel,Others on the ball,136,0.006356625379761627,0.005074626865671642
rotate,20260715,Duel,Pass,8203,0.3834073381631222,0.3060820895522388
rotate,20260715,Duel,Save attempt,0,0.0,0.0
rotate,20260715,Duel,Shot,195,0.009114279037158215,0.007276119402985074
rotate,20260715,Foul,Duel,39,0.001822855807431643,0.032663316582914576
rotate,20260715,Foul,Free Kick,39,0.001822855807431643,0.032663316582914576
rotate,20260715,Foul,Goalkeeper leaving line,0,0.0,0.0
rotate,20260715,Foul,Interruption,0,0.0,0.0
rotate,20260715,Foul,Offside,0,0.0,0.0
rotate,20260715,Foul,Others on the ball,9,0.0004206590324842253,0.007537688442211055
rotate,20260715,Foul,Pass,570,0.026641738724000934,0.47738693467336685
rotate,20260715,Foul,Save attempt,0,0.0,0.0
rotate,20260715,Foul,Shot,6,0.0002804393549894835,0.005025125628140704
rotate,20260715,Free Kick,Duel,0,0.0,0.0
rotate,20260715,Free Kick,Foul,0,0.0,0.0
rotate,20260715,Free Kick,Goalkeeper leaving line,0,0.0,0.0
rotate,20260715,Free Kick,Interruption,0,0.0,0.0
rotate,20260715,Free Kick,Offside,0,0.0,0.0
rotate,20260715,Free Kick,Others on the ball,1,4.673989249824725e-05,0.00018031013342949875
rotate,20260715,Free Kick,Pass,9,0.0004206590324842253,0.0016227912008654887
rotate,20260715,Free Kick,Save attempt,0,0.0,0.0
rotate,20260715,Free Kick,Shot,0,0.0,0.0
rotate,20260715,Goalkeeper leaving line,Duel,18,0.0008413180649684506,0.09090909090909091
rotate,20260715,Goalkeeper leaving line,Foul,0,0.0,0.0
rotate,20260715,Goalkeeper leaving line,Free Kick,0,0.0,0.0
rotate,20260715,Goalkeeper leaving line,Interruption,28,0.001308716989950923,0.1414141414141414
rotate,20260715,Goalkeeper leaving line,Offside,0,0.0,0.0
rotate,20260715,Goalkeeper leaving line,Others on the ball,13,0.0006076186024772143,0.06565656565656566
rotate,20260715,Goalkeeper leaving line,Pass,4,0.000186959569992989,0.020202020202020204
rotate,20260715,Goalkeeper leaving line,Save attempt,1,4.673989249824725e-05,0.005050505050505051
rotate,20260715,Goalkeeper leaving line,Shot,0,0.0,0.0
rotate,20260715,Interruption,Duel,138,0.0064501051647581215,0.032160335586110464
rotate,20260715,Interruption,Foul,0,0.0,0.0
rotate,20260715,Interruption,Free Kick,127,0.005935966347277401,0.029596830575623397
rotate,20260715,Interruption,Goalkeeper leaving line,6,0.0002804393549894835,0.0013982754602656724
rotate,20260715,Interruption,Offside,0,0.0,0.0
rotate,20260715,Interruption,Others on the ball,138,0.0064501051647581215,0.032160335586110464
rotate,20260715,Interruption,Pass,928,0.04337462023837345,0.21626660452109064
rotate,20260715,Interruption,Save attempt,0,0.0,0.0
rotate,20260715,Interruption,Shot,1,4.673989249824725e-05,0.00023304591004427873
rotate,20260715,Offside,Duel,1,4.673989249824725e-05,0.003952569169960474
rotate,20260715,Offside,Foul,0,0.0,0.0
rotate,20260715,Offside,Free Kick,0,0.0,0.0
rotate,20260715,Offside,Goalkeeper leaving line,0,0.0,0.0
rotate,20260715,Offside,Interruption,7,0.00032717924748773075,0.02766798418972332
rotate,20260715,Offside,Others on the ball,45,0.0021032951624211263,0.17786561264822134
rotate,20260715,Offside,Pass,198,0.009254498714652956,0.782608695652174
rotate,20260715,Offside,Save attempt,0,0.0,0.0
rotate,20260715,Offside,Shot,2,9.34797849964945e-05,0.007905138339920948
rotate,20260715,Others on the ball,Duel,586,0.02738957700397289,0.07506084283335468
rotate,20260715,Others on the ball,Foul,33,0.0015424164524421595,0.004226975790956834
rotate,20260715,Others on the ball,Free Kick,0,0.0,0.0
rotate,20260715,Others on the ball,Goalkeeper leaving line,4,0.000186959569992989,0.0005123607019341616
rotate,20260715,Others on the ball,Interruption,153,0.00715120355223183,0.019597796848981684
rotate,20260715,Others on the ball,Offside,0,0.0,0.0
rotate,20260715,Others on the ball,Pass,4842,0.22631455947651322,0.6202126296913026
rotate,20260715,Others on the ball,Save attempt,2,9.34797849964945e-05,0.0002561803509670808
rotate,20260715,Others on the ball,Shot,85,0.003972890862351017,0.010887664916100935
rotate,20260715,Pass,Duel,2290,0.10703435382098621,0.04668229538273366
rotate,20260715,Pass,Foul,245,0.011451273662070577,0.004994394047497706
rotate,20260715,Pass,Free Kick,9,0.0004206590324842253,0.00018346753643869128
rotate,20260715,Pass,Goalkeeper leaving line,4,0.000186959569992989,8.154112730608501e-05
rotate,20260715,Pass,Interruption,434,0.020285113344239308,0.008847212312710222
rotate,20260715,Pass,Offside,0,0.0,0.0
rotate,20260715,Pass,Others on the ball,658,0.030754849263846692,0.013413515441850984
rotate,20260715,Pass,Save attempt,0,0.0,0.0
rotate,20260715,Pass,Shot,112,0.005234867959803692,0.0022831515645703802
rotate,20260715,Save attempt,Duel,3,0.00014021967749474175,0.005758157389635317
rotate,20260715,Save attempt,Foul,0,0.0,0.0
rotate,20260715,Save attempt,Free Kick,0,0.0,0.0
rotate,20260715,Save attempt,Goalkeeper leaving line,10,0.00046739892498247256,0.019193857965451054
rotate,20260715,Save attempt,Interruption,11,0.0005141388174807198,0.02111324376199616
rotate,20260715,Save attempt,Offside,0,0.0,0.0
rotate,20260715,Save attempt,Others on the ball,3,0.00014021967749474175,0.005758157389635317
rotate,20260715,Save attempt,Pass,9,0.0004206590324842253,0.01727447216890595
rotate,20260715,Save attempt,Shot,1,4.673989249824725e-05,0.0019193857965451055
rotate,20260715,Shot,Duel,176,0.008226221079691516,0.14355628058727568
rotate,20260715,Shot,Foul,1,4.673989249824725e-05,0.0008156606851549756
rotate,20260715,Shot,Free Kick,0,0.0,0.0
rotate,20260715,Shot,Goalkeeper leaving line,0,0.0,0.0
rotate,20260715,Shot,Interruption,10,0.00046739892498247256,0.008156606851549755
rotate,20260715,Shot,Offside,0,0.0,0.0
rotate,20260715,Shot,Others on the ball,18,0.0008413180649684506,0.01468189233278956
rotate,20260715,Shot,Pass,515,0.024071044636597337,0.4200652528548124
rotate,20260715,Shot,Save attempt,0,0.0,0.0
rotate,20260716,Duel,Foul,138,0.006509741025520072,0.005149253731343284
rotate,20260716,Duel,Free Kick,2,9.434407283362423e-05,7.462686567164179e-05
rotate,20260716,Duel,Goalkeeper leaving line,1,4.717203641681211e-05,3.7313432835820896e-05
rotate,20260716,Duel,Interruption,342,0.016132836454549743,0.012761194029850747
rotate,20260716,Duel,Offside,0,0.0,0.0
rotate,20260716,Duel,Others on the ball,170,0.00801924619085806,0.006343283582089552
rotate,20260716,Duel,Pass,8702,0.41049106089909904,0.32470149253731345
rotate,20260716,Duel,Save attempt,0,0.0,0.0
rotate,20260716,Duel,Shot,208,0.00981178357469692,0.007761194029850746
rotate,20260716,Foul,Duel,48,0.0022642577480069814,0.04020100502512563
rotate,20260716,Foul,Free Kick,38,0.0017925373838388603,0.031825795644891124
rotate,20260716,Foul,Goalkeeper leaving line,0,0.0,0.0
rotate,20260716,Foul,Interruption,5,0.00023586018208406057,0.0041876046901172526
rotate,20260716,Foul,Offside,0,0.0,0.0
rotate,20260716,Foul,Others on the ball,1,4.717203641681211e-05,0.0008375209380234506
rotate,20260716,Foul,Pass,577,0.02721826501250059,0.483249581239531
rotate,20260716,Foul,Save attempt,0,0.0,0.0
rotate,20260716,Foul,Shot,10,0.00047172036416812113,0.008375209380234505
rotate,20260716,Free Kick,Duel,0,0.0,0.0
rotate,20260716,Free Kick,Foul,0,0.0,0.0
rotate,20260716,Free Kick,Goalkeeper leaving line,0,0.0,0.0
rotate,20260716,Free Kick,Interruption,7,0.0003302042549176848,0.0012621709340064912
rotate,20260716,Free Kick,Offside,0,0.0,0.0
rotate,20260716,Free Kick,Others on the ball,2,9.434407283362423e-05,0.0003606202668589975
rotate,20260716,Free Kick,Pass,4,0.00018868814566724845,0.000721240533717995
rotate,20260716,Free Kick,Save attempt,0,0.0,0.0
rotate,20260716,Free Kick,Shot,0,0.0,0.0
rotate,20260716,Goalkeeper leaving line,Duel,11,0.0005188924005849332,0.05555555555555555
rotate,20260716,Goalkeeper leaving line,Foul,0,0.0,0.0
rotate,20260716,Goalkeeper leaving line,Free Kick,0,0.0,0.0
rotate,20260716,Goalkeeper leaving line,Interruption,41,0.0019340534930892966,0.20707070707070707
rotate,20260716,Goalkeeper leaving line,Offside,0,0.0,0.0
rotate,20260716,Goalkeeper leaving line,Others on the ball,5,0.00023586018208406057,0.025252525252525252
rotate,20260716,Goalkeeper leaving line,Pass,6,0.0002830322185008727,0.030303030303030304
rotate,20260716,Goalkeeper leaving line,Save attempt,0,0.0,0.0
rotate,20260716,Goalkeeper leaving line,Shot,0,0.0,0.0
rotate,20260716,Interruption,Duel,48,0.0022642577480069814,0.01118620368212538
rotate,20260716,Interruption,Foul,0,0.0,0.0
rotate,20260716,Interruption,Free Kick,127,0.005990848624935138,0.029596830575623397
rotate,20260716,Interruption,Goalkeeper leaving line,9,0.000424548327751309,0.0020974131903985084
rotate,20260716,Interruption,Offside,0,0.0,0.0
rotate,20260716,Interruption,Others on the ball,128,0.0060380206613519505,0.029829876485667678
rotate,20260716,Interruption,Pass,291,0.013727062597292325,0.06781635982288511
rotate,20260716,Interruption,Save attempt,0,0.0,0.0
rotate,20260716,Interruption,Shot,4,0.00018868814566724845,0.0009321836401771149
rotate,20260716,Offside,Duel,3,0.00014151610925043634,0.011857707509881422
rotate,20260716,Offside,Foul,0,0.0,0.0
rotate,20260716,Offside,Free Kick,0,0.0,0.0
rotate,20260716,Offside,Goalkeeper leaving line,0,0.0,0.0
rotate,20260716,Offside,Interruption,11,0.0005188924005849332,0.043478260869565216
rotate,20260716,Offside,Others on the ball,79,0.003726590876928157,0.31225296442687744
rotate,20260716,Offside,Pass,158,0.007453181753856314,0.6245059288537549
rotate,20260716,Offside,Save attempt,0,0.0,0.0
rotate,20260716,Offside,Shot,2,9.434407283362423e-05,0.007905138339920948
rotate,20260716,Others on the ball,Duel,522,0.024623803009575923,0.06686307160240809
rotate,20260716,Others on the ball,Foul,31,0.0014623331289211755,0.003970795439989753
rotate,20260716,Others on the ball,Free Kick,0,0.0,0.0
rotate,20260716,Others on the ball,Goalkeeper leaving line,8,0.0003773762913344969,0.0010247214038683233
rotate,20260716,Others on the ball,Interruption,230,0.010849568375866786,0.029460740361214294
rotate,20260716,Others on the ball,Offside,0,0.0,0.0
rotate,20260716,Others on the ball,Pass,4685,0.22100099061276476,0.6001024721403868
rotate,20260716,Others on the ball,Save attempt,2,9.434407283362423e-05,0.0002561803509670808
rotate,20260716,Others on the ball,Shot,77,0.0036322468040945327,0.009862943512232611
rotate,20260716,Pass,Duel,1680,0.07924902118024435,0.0342472734685557
rotate,20260716,Pass,Foul,267,0.012594933723288834,0.005442870247681174
rotate,20260716,Pass,Free Kick,9,0.000424548327751309,0.00018346753643869128
rotate,20260716,Pass,Goalkeeper leaving line,3,0.00014151610925043634,6.115584547956375e-05
rotate,20260716,Pass,Interruption,776,0.0366055002594462,0.01581897869738049
rotate,20260716,Pass,Offside,0,0.0,0.0
rotate,20260716,Pass,Others on the ball,810,0.03820934949761781,0.016512078279482215
rotate,20260716,Pass,Save attempt,0,0.0,0.0
rotate,20260716,Pass,Shot,134,0.006321052879852823,0.002731627764753848
rotate,20260716,Save attempt,Duel,1,4.717203641681211e-05,0.0019193857965451055
rotate,20260716,Save attempt,Foul,0,0.0,0.0
rotate,20260716,Save attempt,Free Kick,0,0.0,0.0
rotate,20260716,Save attempt,Goalkeeper leaving line,9,0.000424548327751309,0.01727447216890595
rotate,20260716,Save attempt,Interruption,20,0.0009434407283362423,0.03838771593090211
rotate,20260716,Save attempt,Offside,0,0.0,0.0
rotate,20260716,Save attempt,Others on the ball,0,0.0,0.0
rotate,20260716,Save attempt,Pass,4,0.00018868814566724845,0.007677543186180422
rotate,20260716,Save attempt,Shot,0,0.0,0.0
rotate,20260716,Shot,Duel,226,0.010660880230199538,0.18433931484502447
rotate,20260716,Shot,Foul,4,0.00018868814566724845,0.0032626427406199023
rotate,20260716,Shot,Free Kick,0,0.0,0.0
rotate,20260716,Shot,Goalkeeper leaving line,0,0.0,0.0
rotate,20260716,Shot,Interruption,13,0.0006132364734185575,0.010603588907014683
rotate,20260716,Shot,Offside,0,0.0,0.0
rotate,20260716,Shot,Others on the ball,32,0.0015095051653379876,0.026101141924959218
rotate,20260716,Shot,Pass,478,0.02254823340723619,0.3898858075040783
rotate,20260716,Shot,Save attempt,0,0.0,0.0
rotate,20260717,Duel,Foul,165,0.007634294174802202,0.006156716417910448
rotate,20260717,Duel,Free Kick,3,0.0001388053486327673,0.00011194029850746269
rotate,20260717,Duel,Goalkeeper leaving line,3,0.0001388053486327673,0.00011194029850746269
rotate,20260717,Duel,Interruption,546,0.02526257345116365,0.02037313432835821
rotate,20260717,Duel,Offside,0,0.0,0.0
rotate,20260717,Duel,Others on the ball,92,0.004256697358071531,0.0034328358208955225
rotate,20260717,Duel,Pass,8190,0.37893860176745475,0.3055970149253731
rotate,20260717,Duel,Save attempt,0,0.0,0.0
rotate,20260717,Duel,Shot,238,0.011011890991532873,0.008880597014925374
rotate,20260717,Foul,Duel,19,0.0008791005413408597,0.015912897822445562
rotate,20260717,Foul,Free Kick,39,0.001804469532225975,0.032663316582914576
rotate,20260717,Foul,Goalkeeper leaving line,0,0.0,0.0
rotate,20260717,Foul,Interruption,4,0.0001850737981770231,0.0033500837520938024
rotate,20260717,Foul,Offside,0,0.0,0.0
rotate,20260717,Foul,Others on the ball,1,4.6268449544255775e-05,0.0008375209380234506
rotate,20260717,Foul,Pass,488,0.022579003377596815,0.40871021775544386
rotate,20260717,Foul,Save attempt,0,0.0,0.0
rotate,20260717,Foul,Shot,18,0.0008328320917966039,0.01507537688442211
rotate,20260717,Free Kick,Duel,0,0.0,0.0
rotate,20260717,Free Kick,Foul,0,0.0,0.0
rotate,20260717,Free Kick,Goalkeeper leaving line,0,0.0,0.0
rotate,20260717,Free Kick,Interruption,1,4.6268449544255775e-05,0.00018031013342949875
rotate,20260717,Free Kick,Offside,0,0.0,0.0
rotate,20260717,Free Kick,Others on the ball,1,4.6268449544255775e-05,0.00018031013342949875
rotate,20260717,Free Kick,Pass,8,0.0003701475963540462,0.00144248106743599
rotate,20260717,Free Kick,Save attempt,0,0.0,0.0
rotate,20260717,Free Kick,Shot,0,0.0,0.0
rotate,20260717,Goalkeeper leaving line,Duel,13,0.000601489844075325,0.06565656565656566
rotate,20260717,Goalkeeper leaving line,Foul,0,0.0,0.0
rotate,20260717,Goalkeeper leaving line,Free Kick,0,0.0,0.0
rotate,20260717,Goalkeeper leaving line,Interruption,21,0.0009716374404293712,0.10606060606060606
rotate,20260717,Goalkeeper leaving line,Offside,0,0.0,0.0
rotate,20260717,Goalkeeper leaving line,Others on the ball,2,9.253689908851155e-05,0.010101010101010102
rotate,20260717,Goalkeeper leaving line,Pass,8,0.0003701475963540462,0.04040404040404041
rotate,20260717,Goalkeeper leaving line,Save attempt,0,0.0,0.0
rotate,20260717,Goalkeeper leaving line,Shot,0,0.0,0.0
rotate,20260717,Interruption,Duel,56,0.0025910331744783232,0.013050570962479609
rotate,20260717,Interruption,Foul,0,0.0,0.0
rotate,20260717,Interruption,Free Kick,128,0.005922361541664739,0.029829876485667678
rotate,20260717,Interruption,Goalkeeper leaving line,17,0.0007865636422523481,0.003961780470752739
rotate,20260717,Interruption,Offside,0,0.0,0.0
rotate,20260717,Interruption,Others on the ball,120,0.005552213945310693,0.027965509205313446
rotate,20260717,Interruption,Pass,418,0.019340211909498913,0.0974131903985085
rotate,20260717,Interruption,Save attempt,3,0.0001388053486327673,0.0006991377301328362
rotate,20260717,Interruption,Shot,2,9.253689908851155e-05,0.00046609182008855747
rotate,20260717,Offside,Duel,3,0.0001388053486327673,0.011857707509881422
rotate,20260717,Offside,Foul,0,0.0,0.0
rotate,20260717,Offside,Free Kick,0,0.0,0.0
rotate,20260717,Offside,Goalkeeper leaving line,0,0.0,0.0
rotate,20260717,Offside,Interruption,22,0.001017905889973627,0.08695652173913043
rotate,20260717,Offside,Others on the ball,55,0.0025447647249340673,0.21739130434782608
rotate,20260717,Offside,Pass,171,0.007911904872067737,0.6758893280632411
rotate,20260717,Offside,Save attempt,0,0.0,0.0
rotate,20260717,Offside,Shot,2,9.253689908851155e-05,0.007905138339920948
rotate,20260717,Others on the ball,Duel,526,0.024337204460278535,0.06737543230434226
rotate,20260717,Others on the ball,Foul,41,0.0018970064313144866,0.0052516971948251565
rotate,20260717,Others on the ball,Free Kick,0,0.0,0.0
rotate,20260717,Others on the ball,Goalkeeper leaving line,10,0.00046268449544255774,0.0012809017548354041
rotate,20260717,Others on the ball,Interruption,362,0.01674917873502059,0.04636864352504163
rotate,20260717,Others on the ball,Offside,0,0.0,0.0
rotate,20260717,Others on the ball,Pass,4893,0.2263915236200435,0.6267452286409633
rotate,20260717,Others on the ball,Save attempt,2,9.253689908851155e-05,0.0002561803509670808
rotate,20260717,Others on the ball,Shot,107,0.004950724101235367,0.013705648776738823
rotate,20260717,Pass,Duel,1968,0.09105630870309536,0.040118234634593825
rotate,20260717,Pass,Foul,366,0.01693425253319761,0.007461013148506778
rotate,20260717,Pass,Free Kick,29,0.0013417850367834173,0.0005911731729691163
rotate,20260717,Pass,Goalkeeper leaving line,6,0.0002776106972655346,0.0001223116909591275
rotate,20260717,Pass,Interruption,1062,0.04913709341599963,0.02164916929976557
rotate,20260717,Pass,Offside,0,0.0,0.0
rotate,20260717,Pass,Others on the ball,514,0.023781983065747466,0.010478034858831923
rotate,20260717,Pass,Save attempt,0,0.0,0.0
rotate,20260717,Pass,Shot,154,0.007125341229815389,0.003139333401284273
rotate,20260717,Save attempt,Duel,2,9.253689908851155e-05,0.003838771593090211
rotate,20260717,Save attempt,Foul,0,0.0,0.0
rotate,20260717,Save attempt,Free Kick,0,0.0,0.0
rotate,20260717,Save attempt,Goalkeeper leaving line,12,0.0005552213945310692,0.023032629558541268
rotate,20260717,Save attempt,Interruption,11,0.0005089529449868135,0.02111324376199616
rotate,20260717,Save attempt,Offside,0,0.0,0.0
rotate,20260717,Save attempt,Others on the ball,5,0.00023134224772127887,0.009596928982725527
rotate,20260717,Save attempt,Pass,3,0.0001388053486327673,0.005758157389635317
rotate,20260717,Save attempt,Shot,0,0.0,0.0
rotate,20260717,Shot,Duel,168,0.007773099523434969,0.1370309951060359
rotate,20260717,Shot,Foul,2,9.253689908851155e-05,0.0016313213703099511
rotate,20260717,Shot,Free Kick,0,0.0,0.0
rotate,20260717,Shot,Goalkeeper leaving line,0,0.0,0.0
rotate,20260717,Shot,Interruption,16,0.0007402951927080924,0.013050570962479609
rotate,20260717,Shot,Offside,0,0.0,0.0
rotate,20260717,Shot,Others on the ball,20,0.0009253689908851155,0.01631321370309951
rotate,20260717,Shot,Pass,477,0.022070050432610004,0.3890701468189233
rotate,20260717,Shot,Save attempt,0,0.0,0.0
