model,true_event,predicted_event,count,share_of_errors,rate_given_true
original,Duel,Foul,195.66666666666666,0.008643473624392847,0.007300995024875623
original,Duel,Free Kick,3.3333333333333335,0.0001470965638501081,0.0001243781094527363
original,Duel,Goalkeeper leaving line,1.0,4.418504267624503e-05,3.7313432835820896e-05
original,Duel,Interruption,412.3333333333333,0.018232686673720667,0.015385572139303484
original,Duel,Offside,0.0,0.0,0.0
original,Duel,Others on the ball,200.33333333333334,0.008853531926385313,0.007475124378109453
original,Duel,Pass,8033.666666666667,0.3550263530042903,0.2997636815920398
original,Duel,Save attempt,0.0,0.0,0.0
original,Duel,Shot,249.33333333333334,0.011011282977525272,0.009303482587064676
original,Foul,Duel,51.666666666666664,0.0022759604824974986,0.04327191513121161
original,Foul,Free Kick,38.666666666666664,0.0017086752285521832,0.03238414293690676
original,Foul,Goalkeeper leaving line,0.0,0.0,0.0
original,Foul,Interruption,4.333333333333333,0.00019108586737617427,0.0036292573981016193
original,Foul,Offside,0.0,0.0,0.0
original,Foul,Others on the ball,8.666666666666666,0.0003823022275191344,0.0072585147962032385
original,Foul,Pass,496.3333333333333,0.021945261918752967,0.4156895589056393
original,Foul,Save attempt,0.0,0.0,0.0
original,Foul,Shot,17.0,0.0007495287662431805,0.01423785594639866
original,Free Kick,Duel,0.0,0.0,0.0
original,Free Kick,Foul,0.0,0.0,0.0
original,Free Kick,Goalkeeper leaving line,0.0,0.0,0.0
original,Free Kick,Interruption,1.3333333333333333,5.897422291198457e-05,0.00024041351123933166
original,Free Kick,Offside,0.0,0.0,0.0
original,Free Kick,Others on the ball,1.3333333333333333,5.872647849761804e-05,0.00024041351123933166
original,Free Kick,Pass,8.666666666666666,0.0003822502222549468,0.0015626878230556556
original,Free Kick,Save attempt,0.0,0.0,0.0
original,Free Kick,Shot,0.0,0.0,0.0
original,Goalkeeper leaving line,Duel,15.666666666666666,0.0006917280190196357,0.07912457912457913
original,Goalkeeper leaving line,Foul,0.0,0.0,0.0
original,Goalkeeper leaving line,Free Kick,0.0,0.0,0.0
original,Goalkeeper leaving line,Interruption,45.666666666666664,0.0020190787565909454,0.23063973063973064
original,Goalkeeper leaving line,Offside,0.0,0.0,0.0
original,Goalkeeper leaving line,Others on the ball,11.333333333333334,0.0005013333796223733,0.057239057239057235
original,Goalkeeper leaving line,Pass,6.333333333333333,0.0002794691938478697,0.03198653198653199
original,Goalkeeper leaving line,Save attempt,0.3333333333333333,1.4541435821373002e-05,0.0016835016835016836
original,Goalkeeper leaving line,Shot,0.0,0.0,0.0
original,Interruption,Duel,137.66666666666666,0.006073202887785995,0.0320826536160957
original,Interruption,Foul,0.0,0.0,0.0
original,Interruption,Free Kick,127.66666666666667,0.005641144026737992,0.02975219451565292
original,Interruption,Goalkeeper leaving line,5.0,0.00022067746896685866,0.0011652295502213937
original,Interruption,Offside,0.0,0.0,0.0
original,Interruption,Others on the ball,155.33333333333334,0.006857968412673468,0.036199798026877957
original,Interruption,Pass,813.6666666666666,0.035919127728113204,0.18962168880602812
original,Interruption,Save attempt,0.0,0.0,0.0
original,Interruption,Shot,7.666666666666667,0.0003366307183566902,0.0017866853103394701
original,Offside,Duel,3.6666666666666665,0.0001616379996714811,0.014492753623188406
original,Offside,Foul,0.3333333333333333,1.4541435821373002e-05,0.0013175230566534913
original,Offside,Free Kick,0.0,0.0,0.0
original,Offside,Goalkeeper leaving line,0.0,0.0,0.0
original,Offside,Interruption,18.666666666666668,0.0008240221615147988,0.07378129117259552
original,Offside,Others on the ball,52.333333333333336,0.002315032577430138,0.20685111989459815
original,Offside,Pass,175.33333333333334,0.007746128665656968,0.6930171277997365
original,Offside,Save attempt,0.0,0.0,0.0
original,Offside,Shot,2.6666666666666665,0.00011745295699523608,0.01054018445322793
original,Others on the ball,Duel,604.6666666666666,0.026696741627173445,0.07745185944238077
original,Others on the ball,Foul,50.333333333333336,0.00222134260772837,0.0064472054993382
original,Others on the ball,Free Kick,0.0,0.0,0.0
original,Others on the ball,Goalkeeper leaving line,3.6666666666666665,0.0001617032460548741,0.0004696639767729815
original,Others on the ball,Interruption,311.0,0.013755707508863449,0.03983604457538107
original,Others on the ball,Offside,0.0,0.0,0.0
original,Others on the ball,Pass,4702.0,0.20774362683701886,0.602280005123607
original,Others on the ball,Save attempt,2.0,8.837008535249006e-05,0.0002561803509670808
original,Others on the ball,Shot,97.66666666666667,0.004310780632836668,0.01251014047222578
original,Pass,Duel,2589.3333333333335,0.11430725204364034,0.05278428974280569
original,Pass,Foul,427.6666666666667,0.018891421188040627,0.008718105527808922
original,Pass,Free Kick,24.0,0.0010610670058254,0.00048924676383651
original,Pass,Goalkeeper leaving line,2.3333333333333335,0.00010210304154737052,4.756565759521625e-05
original,Pass,Interruption,839.6666666666666,0.03712990968072399,0.017116841640335678
original,Pass,Offside,0.0,0.0,0.0
original,Pass,Others on the ball,752.0,0.03323050134426455,0.015329731933543983
original,Pass,Save attempt,0.0,0.0,0.0
original,Pass,Shot,155.33333333333334,0.0068553207524054026,0.0031665137770529677
original,Save attempt,Duel,3.6666666666666665,0.00016213348850021417,0.007037747920665387
original,Save attempt,Foul,0.0,0.0,0.0
original,Save attempt,Free Kick,1.3333333333333333,5.915672094295813e-05,0.0025591810620601407
original,Save attempt,Goalkeeper leaving line,8.666666666666666,0.0003825632130527063,0.016634676903390915
original,Save attempt,Interruption,13.0,0.000574027317610033,0.02495201535508637
original,Save attempt,Offside,0.0,0.0,0.0
original,Save attempt,Others on the ball,5.333333333333333,0.0002360141432955189,0.010236724248240563
original,Save attempt,Pass,5.333333333333333,0.0002359753791505366,0.010236724248240563
original,Save attempt,Shot,0.0,0.0,0.0
original,Shot,Duel,178.0,0.007859122223193606,0.14518760195758565
original,Shot,Foul,10.0,0.00044186366788165576,0.008156606851549756
original,Shot,Free Kick,0.0,0.0,0.0
original,Shot,Goalkeeper leaving line,0.0,0.0,0.0
original,Shot,Interruption,22.0,0.0009740008889281355,0.01794453507340946
original,Shot,Offside,0.0,0.0,0.0
original,Shot,Others on the ball,53.666666666666664,0.0023715293561984573,0.04377379010331702
original,Shot,Pass,468.3333333333333,0.02070267294769756,0.38200108754758016
original,Shot,Save attempt,0.0,0.0,0.0
rotate,Duel,Foul,136.66666666666666,0.006381734565878244,0.00509950248756219
rotate,Duel,Free Kick,2.0,9.329643798821291e-05,7.462686567164179e-05
rotate,Duel,Goalkeeper leaving line,2.0,9.315239001535796e-05,7.462686567164179e-05
rotate,Duel,Interruption,365.6666666666667,0.017054682479282355,0.013644278606965175
rotate,Duel,Offside,0.0,0.0,0.0
rotate,Duel,Others on the ball,132.66666666666666,0.006210856309563739,0.004950248756218905
rotate,Duel,Pass,8365.0,0.39094566694322536,0.3121268656716418
rotate,Duel,Save attempt,0.0,0.0,0.0
rotate,Duel,Shot,213.66666666666666,0.009979317867796003,0.007972636815920397
rotate,Foul,Duel,35.333333333333336,0.0016554046989264949,0.02959240647682859
rotate,Foul,Free Kick,38.666666666666664,0.0018066209078321594,0.03238414293690676
rotate,Foul,Goalkeeper leaving line,0.0,0.0,0.0
rotate,Foul,Interruption,3.0,0.00014031132675369456,0.002512562814070352
rotate,Foul,Offside,0.0,0.0,0.0
rotate,Foul,Others on the ball,3.6666666666666665,0.00017136650614843105,0.0030709101060859855
rotate,Foul,Pass,545.0,0.02547966903803278,0.4564489112227806
rotate,Foul,Save attempt,0.0,0.0,0.0
rotate,Foul,Shot,11.333333333333334,0.0005283306036514029,0.009491903964265773
rotate,Free Kick,Duel,0.0,0.0,0.0
rotate,Free Kick,Foul,0.0,0.0,0.0
rotate,Free Kick,Goalkeeper leaving line,0.0,0.0,0.0
rotate,Free Kick,Interruption,2.6666666666666665,0.00012549090148731353,0.0004808270224786633
rotate,Free Kick,Offside,0.0,0.0,0.0
rotate,Free Kick,Others on the ball,1.3333333333333333,6.245080495870908e-05,0.00024041351123933166
rotate,Free Kick,Pass,7.0,0.0003264982581685067,0.0012621709340064912
rotate,Free Kick,Save attempt,0.0,0.0,0.0
rotate,Free Kick,Shot,0.0,0.0,0.0
rotate,Goalkeeper leaving line,Duel,14.0,0.0006539001032095696,0.0707070707070707
rotate,Goalkeeper leaving line,Foul,0.0,0.0,0.0
rotate,Goalkeeper leaving line,Free Kick,0.0,0.0,0.0
rotate,Goalkeeper leaving line,Interruption,30.0,0.0014048026411565301,0.15151515151515152
rotate,Goalkeeper leaving line,Offside,0.0,0.0,0.0
rotate,Goalkeeper leaving line,Others on the ball,6.666666666666667,0.00031200522788326214,0.033670033670033676
rotate,Goalkeeper leaving line,Pass,6.0,0.0002800464616159693,0.030303030303030304
rotate,Goalkeeper leaving line,Save attempt,0.3333333333333333,1.5579964166082417e-05,0.0016835016835016836
rotate,Goalkeeper leaving line,Shot,0.0,0.0,0.0
rotate,Interruption,Duel,80.66666666666667,0.0037684653624144755,0.018799036743571817
rotate,Interruption,Foul,0.0,0.0,0.0
rotate,Interruption,Free Kick,127.33333333333333,0.00594972550462576,0.02967451254563816
rotate,Interruption,Goalkeeper leaving line,10.666666666666666,0.0004971837749977136,0.0024858230404723063
rotate,Interruption,Offside,0.0,0.0,0.0
rotate,Interruption,Others on the ball,128.66666666666666,0.006013446590473588,0.029985240425697196
rotate,Interruption,Pass,545.6666666666666,0.025480631581721563,0.12716538491416143
rotate,Interruption,Save attempt,1.0,4.626844954425577e-05,0.00023304591004427873
rotate,Interruption,Shot,2.3333333333333335,0.00010932164575133575,0.0005437737901033171
rotate,Offside,Duel,2.3333333333333335,0.00010902045012715028,0.00922266139657444
rotate,Offside,Foul,0.0,0.0,0.0
rotate,Offside,Free Kick,0.0,0.0,0.0
rotate,Offside,Goalkeeper leaving line,0.0,0.0,0.0
rotate,Offside,Interruption,13.333333333333334,0.0006213258460154304,0.052700922266139656
rotate,Offside,Others on the ball,59.666666666666664,0.002791550254761117,0.23583662714097495
rotate,Offside,Pass,175.66666666666666,0.008206528446859002,0.69433465085639
rotate,Offside,Save attempt,0.0,0.0,0.0
rotate,Offside,Shot,2.0,9.345358563954343e-05,0.007905138339920948
rotate,Others on the ball,Duel,544.6666666666666,0.025450194824609116,0.06976644891336835
rotate,Others on the ball,Foul,35.0,0.0016339186708926071,0.004483156141923915
rotate,Others on the ball,Free Kick,0.0,0.0,0.0
rotate,Others on the ball,Goalkeeper leaving line,7.333333333333333,0.0003423401189233479,0.000939327953545963
rotate,Others on the ball,Interruption,248.33333333333334,0.011583316887706403,0.0318090602450792
rotate,Others on the ball,Offside,0.0,0.0,0.0
rotate,Others on the ball,Pass,4806.666666666667,0.22456902456977382,0.6156867768242176
rotate,Others on the ball,Save attempt,2.0,9.345358563954343e-05,0.0002561803509670808
rotate,Others on the ball,Shot,89.66666666666667,0.004185287255893639,0.011485419068357455
rotate,Pass,Duel,1979.3333333333333,0.0924465612347753,0.04034926782862773
rotate,Pass,Foul,292.6666666666667,0.013660153306185674,0.005966092481228553
rotate,Pass,Free Kick,15.666666666666666,0.0007289974656729839,0.00031936941528216625
rotate,Pass,Goalkeeper leaving line,4.333333333333333,0.0002020287921696533,8.833622124825876e-05
rotate,Pass,Interruption,757.3333333333334,0.035342569006561714,0.01543845343661876
rotate,Pass,Offside,0.0,0.0,0.0
rotate,Pass,Others on the ball,660.6666666666666,0.03091539394240399,0.013467876193388373
rotate,Pass,Save attempt,0.0,0.0,0.0
rotate,Pass,Shot,133.33333333333334,0.006227087356490635,0.0027180375768695
rotate,Save attempt,Duel,2.0,9.330953766668847e-05,0.0038387715930902114
rotate,Save attempt,Foul,0.0,0.0,0.0
rotate,Save attempt,Free Kick,0.0,0.0,0.0
rotate,Save attempt,Goalkeeper leaving line,10.333333333333334,0.00048238954908828364,0.01983365323096609
rotate,Save attempt,Interruption,14.0,0.0006555108302679253,0.026871401151631478
rotate,Save attempt,Offside,0.0,0.0,0.0
rotate,Save attempt,Others on the ball,2.6666666666666665,0.00012385397507200688,0.005118362124120281
rotate,Save attempt,Pass,5.333333333333333,0.00024938417559474703,0.010236724248240563
rotate,Save attempt,Shot,0.3333333333333333,1.5579964166082417e-05,0.0006397952655150352
rotate,Shot,Duel,190.0,0.008886733611108673,0.15497553017944535
rotate,Shot,Foul,2.3333333333333335,0.00010932164575133575,0.0019032082653616096
rotate,Shot,Free Kick,0.0,0.0,0.0
rotate,Shot,Goalkeeper leaving line,0.0,0.0,0.0
rotate,Shot,Interruption,13.0,0.0006069768637030408,0.010603588907014683
rotate,Shot,Offside,0.0,0.0,0.0
rotate,Shot,Others on the ball,23.333333333333332,0.0010920640737305178,0.019032082653616098
rotate,Shot,Pass,490.0,0.022896442825481176,0.39967373572593806
rotate,Shot,Save attempt,0.0,0.0,0.0
