seed,mode,anchor,age,head,pairs,samples,sample_mean_mass,pair_mean_mass,bias_mean
20260715,base,other,ends_at_anchor,0,58429,58429,0.3555612603557636,0.3555612603557636,0.0
20260715,base,other,ends_at_anchor,1,58429,58429,0.4207597089522398,0.4207597089522398,0.0
20260715,base,other,ends_at_anchor,2,58429,58429,0.19724808445882794,0.19724808445882794,0.0
20260715,base,other,ends_at_anchor,3,58429,58429,0.15901367617798876,0.15901367617798876,0.0
20260715,base,other,ends_at_anchor,mean,58429,58429,0.283145682486205,0.283145682486205,0.0
20260715,base,other,age_1_5,0,291553,58413,0.26986120851378564,0.26986704530196837,0.0
20260715,base,other,age_1_5,1,291553,58413,0.27273109188196126,0.2727680465691343,0.0
20260715,base,other,age_1_5,2,291553,58413,0.18510884141001382,0.18508984802228337,0.0
20260715,base,other,age_1_5,3,291553,58413,0.14823987083616968,0.14829885829825804,0.0
20260715,base,other,age_1_5,mean,291553,58413,0.21898525316048262,0.21900594954791103,0.0
20260715,base,other,age_6_20,0,869369,58239,0.233598502532091,0.23359258916921838,0.0
20260715,base,other,age_6_20,1,869369,58239,0.23892695317580248,0.23897229845992016,0.0
20260715,base,other,age_6_20,2,869369,58239,0.19652884905576457,0.19652307799852756,0.0
20260715,base,other,age_6_20,3,869369,58239,0.16671811290517782,0.16682751703377513,0.0
20260715,base,other,age_6_20,mean,869369,58239,0.20894310441720898,0.2089788706653603,0.0
20260715,base,other,age_gt20,0,3292092,57722,0.2219137181629454,0.2219034256513874,0.0
20260715,base,other,age_gt20,1,3292092,57722,0.23306122154193246,0.23311663817751704,0.0
20260715,base,other,age_gt20,2,3292092,57722,0.1880451980792285,0.1878813877368865,0.0
20260715,base,other,age_gt20,3,3292092,57722,0.15609119769448565,0.1561206279318042,0.0
20260715,base,other,age_gt20,mean,3292092,57722,0.199777833869648,0.19975551987439877,0.0
20260715,base,Pass+CONTROL,ends_at_anchor,0,38348,38348,0.5898851531021058,0.5898851531021058,0.0
20260715,base,Pass+CONTROL,ends_at_anchor,1,38348,38348,0.0979119701336372,0.0979119701336372,0.0
20260715,base,Pass+CONTROL,ends_at_anchor,2,38348,38348,0.25255188675854023,0.25255188675854023,0.0
20260715,base,Pass+CONTROL,ends_at_anchor,3,38348,38348,0.00958491864665032,0.00958491864665032,0.0
20260715,base,Pass+CONTROL,ends_at_anchor,mean,38348,38348,0.23748348216023338,0.23748348216023338,0.0
20260715,base,Pass+CONTROL,age_1_5,0,191477,38364,0.3147186683332231,0.3145418276049375,0.0
20260715,base,Pass+CONTROL,age_1_5,1,191477,38364,0.2149263763245629,0.21499804257021862,0.0
20260715,base,Pass+CONTROL,age_1_5,2,191477,38364,0.20096595189159036,0.2009728825385494,0.0
20260715,base,Pass+CONTROL,age_1_5,3,191477,38364,0.1250847222641355,0.12514299668129475,0.0
20260715,base,Pass+CONTROL,age_1_5,mean,191477,38364,0.21392392970337798,0.21391393734875008,0.0
20260715,base,Pass+CONTROL,age_6_20,0,571171,38253,0.23035975718658386,0.23031612122934947,0.0
20260715,base,Pass+CONTROL,age_6_20,1,571171,38253,0.23196540773786564,0.23205410363179302,0.0
20260715,base,Pass+CONTROL,age_6_20,2,571171,38253,0.18887267753059173,0.1888955846450503,0.0
20260715,base,Pass+CONTROL,age_6_20,3,571171,38253,0.15962260017986354,0.15965532461089502,0.0
20260715,base,Pass+CONTROL,age_6_20,mean,571171,38253,0.2027051106587262,0.20273028352927194,0.0
20260715,base,Pass+CONTROL,age_gt20,0,2157327,37915,0.21303081795903983,0.21273948460990377,0.0
20260715,base,Pass+CONTROL,age_gt20,1,2157327,37915,0.232618669137666,0.23273266262691705,0.0
20260715,base,Pass+CONTROL,age_gt20,2,2157327,37915,0.17741950815534657,0.17701033496212798,0.0
20260715,base,Pass+CONTROL,age_gt20,3,2157327,37915,0.15032527540651477,0.15048218813194034,0.0
20260715,base,Pass+CONTROL,age_gt20,mean,2157327,37915,0.19334856766464179,0.19324116758272228,0.0
20260715,constant,other,ends_at_anchor,0,58429,58429,0.34723783157029525,0.34723783157029525,-0.11479128897190094
20260715,constant,other,ends_at_anchor,1,58429,58429,0.40695981314870366,0.40695981314870366,-0.054212234914302826
20260715,constant,other,ends_at_anchor,2,58429,58429,0.19203179469479328,0.19203179469479328,-0.22357288002967834
20260715,constant,other,ends_at_anchor,3,58429,58429,0.15003807407311412,0.15003807407311412,-0.21280643343925476
20260715,constant,other,ends_at_anchor,mean,58429,58429,0.27406687837172655,0.27406687837172655,-0.15134570933878422
20260715,constant,other,age_1_5,0,291553,58413,0.24653665221525822,0.24650483313269905,-0.11479128897190094
20260715,constant,other,age_1_5,1,291553,58413,0.2678383758722303,0.2678697688619938,-0.054212234914302826
20260715,constant,other,age_1_5,2,291553,58413,0.18046728397352224,0.18042864472095077,-0.22357288002967834
20260715,constant,other,age_1_5,3,291553,58413,0.12638873060288244,0.12645277308304925,-0.21280643343925476
20260715,constant,other,age_1_5,mean,291553,58413,0.2053077606659733,0.20531400494967322,-0.15134570933878422
20260715,constant,other,age_6_20,0,869369,58239,0.21401247221028327,0.2139941133714606,-0.11479128897190094
20260715,constant,other,age_6_20,1,869369,58239,0.24590799071085942,0.24597274473072728,-0.054212234914302826
20260715,constant,other,age_6_20,2,869369,58239,0.1902143204627166,0.1902179577130464,-0.22357288002967834
20260715,constant,other,age_6_20,3,869369,58239,0.1439570466028356,0.14404494792452543,-0.21280643343925476
20260715,constant,other,age_6_20,mean,869369,58239,0.19852295749667373,0.19855744093493993,-0.15134570933878422
20260715,constant,other,age_gt20,0,3292092,57722,0.20295372792898383,0.20294022662076172,-0.11479128897190094
20260715,constant,other,age_gt20,1,3292092,57722,0.24044834466093834,0.24048972601414628,-0.054212234914302826
20260715,constant,other,age_gt20,2,3292092,57722,0.179591283807219,0.17941903229525327,-0.22357288002967834
20260715,constant,other,age_gt20,3,3292092,57722,0.1363844312690408,0.13643410934254288,-0.21280643343925476
20260715,constant,other,age_gt20,mean,3292092,57722,0.18984444691654548,0.18982077356817603,-0.15134570933878422
20260715,constant,Pass+CONTROL,ends_at_anchor,0,38348,38348,0.5104060171136905,0.5104060171136905,-0.11479128897190094
20260715,constant,Pass+CONTROL,ends_at_anchor,1,38348,38348,0.10925561366566698,0.10925561366566698,-0.054212234914302826
20260715,constant,Pass+CONTROL,ends_at_anchor,2,38348,38348,0.2716610012664256,0.2716610012664256,-0.22357288002967834
20260715,constant,Pass+CONTROL,ends_at_anchor,3,38348,38348,0.007321621676663481,0.007321621676663481,-0.21280643343925476
20260715,constant,Pass+CONTROL,ends_at_anchor,mean,38348,38348,0.22466106343061162,0.22466106343061162,-0.15134570933878422
20260715,constant,Pass+CONTROL,age_1_5,0,191477,38364,0.2922848158330135,0.2921345033222116,-0.11479128897190094
20260715,constant,Pass+CONTROL,age_1_5,1,191477,38364,0.21604455121584354,0.21610618848205648,-0.054212234914302826
20260715,constant,Pass+CONTROL,age_1_5,2,191477,38364,0.20037104811618525,0.20037784162215863,-0.22357288002967834
20260715,constant,Pass+CONTROL,age_1_5,3,191477,38364,0.10169430475811775,0.10175017242923981,-0.21280643343925476
20260715,constant,Pass+CONTROL,age_1_5,mean,191477,38364,0.20259867998079,0.20259217646391664,-0.15134570933878422
20260715,constant,Pass+CONTROL,age_6_20,0,571171,38253,0.21130362926450533,0.21125717271122707,-0.11479128897190094
20260715,constant,Pass+CONTROL,age_6_20,1,571171,38253,0.23783699053834542,0.23793053008253148,-0.054212234914302826
20260715,constant,Pass+CONTROL,age_6_20,2,571171,38253,0.1817764720895575,0.18181293794550854,-0.22357288002967834
20260715,constant,Pass+CONTROL,age_6_20,3,571171,38253,0.13631163848667033,0.13635917506824324,-0.21280643343925476
20260715,constant,Pass+CONTROL,age_6_20,mean,571171,38253,0.19180718259476964,0.19183995395187758,-0.15134570933878422
20260715,constant,Pass+CONTROL,age_gt20,0,2157327,37915,0.19360037852138665,0.19328908896021307,-0.11479128897190094
20260715,constant,Pass+CONTROL,age_gt20,1,2157327,37915,0.23879699884891215,0.23894107950982366,-0.054212234914302826
20260715,constant,Pass+CONTROL,age_gt20,2,2157327,37915,0.16689180364482534,0.16655455943783654,-0.22357288002967834
20260715,constant,Pass+CONTROL,age_gt20,3,2157327,37915,0.13179643929612955,0.13196225534808512,-0.21280643343925476
20260715,constant,Pass+CONTROL,age_gt20,mean,2157327,37915,0.18277140507781342,0.1826867458139896,-0.15134570933878422
20260715,transition,other,ends_at_anchor,0,58429,58429,0.3072928108698017,0.3072928108698017,-0.764297361266095
20260715,transition,other,ends_at_anchor,1,58429,58429,0.33463852894249646,0.33463852894249646,-1.380992331852813
20260715,transition,other,ends_at_anchor,2,58429,58429,0.16615964883811496,0.16615964883811496,-0.6204233169931833
20260715,transition,other,ends_at_anchor,3,58429,58429,0.16262379294996684,0.16262379294996684,-2.2203204048701437
20260715,transition,other,ends_at_anchor,mean,58429,58429,0.24267869540009498,0.24267869540009498,-1.2465083537455588
20260715,transition,other,age_1_5,0,291553,58413,0.15905878407882362,0.15915390029594195,-0.8861422132799796
20260715,transition,other,age_1_5,1,291553,58413,0.20008319471905775,0.2002348433829208,-2.2271909619000545
20260715,transition,other,age_1_5,2,291553,58413,0.12937863904504224,0.12940418286440108,-0.7582551155252875
20260715,transition,other,age_1_5,3,291553,58413,0.10446861707948721,0.10457008067392635,-3.1951799070585496
20260715,transition,other,age_1_5,mean,291553,58413,0.14824730873060268,0.14834075180429754,-1.7666920494409677
20260715,transition,other,age_6_20,0,869369,58239,0.10891321171883682,0.10894140912820667,-0.9155388662328412
20260715,transition,other,age_6_20,1,869369,58239,0.17116796137077647,0.17133285307417281,-2.4313878634151496
20260715,transition,other,age_6_20,2,869369,58239,0.12106563700112254,0.12114332647598317,-0.7903290642166826
20260715,transition,other,age_6_20,3,869369,58239,0.09766117254389259,0.09780912549580327,-3.428492601850326
20260715,transition,other,age_6_20,mean,869369,58239,0.12470199565865711,0.12480667854354148,-1.89143709892875
20260715,transition,other,age_gt20,0,3292092,57722,0.10094473758848406,0.1010399451157568,-0.9201449759513343
20260715,transition,other,age_gt20,1,3292092,57722,0.1639061608578487,0.16410546713956697,-2.468057015726857
20260715,transition,other,age_gt20,2,3292092,57722,0.11381818082573697,0.11383675332553231,-0.7959295296929203
20260715,transition,other,age_gt20,3,3292092,57722,0.092393517483146,0.09264810184363301,-3.4698704140498724
20260715,transition,other,age_gt20,mean,3292092,57722,0.11776564918880393,0.11790756685612228,-1.913500483855246
20260715,transition,Pass+CONTROL,ends_at_anchor,0,38348,38348,0.2871695307153034,0.2871695307153034,-1.1724760664456564
20260715,transition,Pass+CONTROL,ends_at_anchor,1,38348,38348,0.018885491101262086,0.018885491101262086,-4.190557455933016
20260715,transition,Pass+CONTROL,ends_at_anchor,2,38348,38348,0.16315175163651977,0.16315175163651977,-1.075029861096876
20260715,transition,Pass+CONTROL,ends_at_anchor,3,38348,38348,0.0014022957000831495,0.0014022957000831495,-5.453061433425254
20260715,transition,Pass+CONTROL,ends_at_anchor,mean,38348,38348,0.1176522672882921,0.1176522672882921,-2.9727812042252006
20260715,transition,Pass+CONTROL,age_1_5,0,191477,38364,0.1607289942584709,0.16073582948087112,-0.9870895615957217
20260715,transition,Pass+CONTROL,age_1_5,1,191477,38364,0.13353864378136623,0.13362583189389954,-2.903163682063555
20260715,transition,Pass+CONTROL,age_1_5,2,191477,38364,0.1431743930439605,0.14322524227990135,-0.8653025547757588
20260715,transition,Pass+CONTROL,age_1_5,3,191477,38364,0.07223916200213032,0.07230732092280058,-3.9699642108083224
20260715,transition,Pass+CONTROL,age_1_5,mean,191477,38364,0.127420298271482,0.12747355614436814,-2.1813800023108394
20260715,transition,Pass+CONTROL,age_6_20,0,571171,38253,0.10749689642909163,0.10755019397159461,-0.9439178834744478
20260715,transition,Pass+CONTROL,age_6_20,1,571171,38253,0.15556585776415932,0.1557670917722264,-2.6013129929202967
20260715,transition,Pass+CONTROL,age_6_20,2,571171,38253,0.11705336225858635,0.1171200000637786,-0.8179723160780056
20260715,transition,Pass+CONTROL,age_6_20,3,571171,38253,0.08833193628793128,0.08848262039837,-3.625161783521133
20260715,transition,Pass+CONTROL,age_6_20,mean,571171,38253,0.11711201318494216,0.1172299765514924,-1.997091243998471
20260715,transition,Pass+CONTROL,age_gt20,0,2157327,37915,0.0978470483441287,0.09785859681437924,-0.937536172754917
20260715,transition,Pass+CONTROL,age_gt20,1,2157327,37915,0.15506420193161996,0.155319437419579,-2.568412524606438
20260715,transition,Pass+CONTROL,age_gt20,2,2157327,37915,0.10655540833881189,0.10649953559172433,-0.8122709233831946
20260715,transition,Pass+CONTROL,age_gt20,3,2157327,37915,0.08637427861835137,0.08665601261884893,-3.586139304279647
20260715,transition,Pass+CONTROL,age_gt20,mean,2157327,37915,0.11146023430822799,0.11158339561113287,-1.9760897312560493
20260716,base,other,ends_at_anchor,0,58429,58429,0.3010756663577226,0.3010756663577226,0.0
20260716,base,other,ends_at_anchor,1,58429,58429,0.2077755756626913,0.2077755756626913,0.0
20260716,base,other,ends_at_anchor,2,58429,58429,0.31312724711727885,0.31312724711727885,0.0
20260716,base,other,ends_at_anchor,3,58429,58429,0.15132305158007459,0.15132305158007459,0.0
20260716,base,other,ends_at_anchor,mean,58429,58429,0.2433253851794418,0.2433253851794418,0.0
20260716,base,other,age_1_5,0,291553,58413,0.23187050882634305,0.23187742084577773,0.0
20260716,base,other,age_1_5,1,291553,58413,0.17112017813229566,0.17112418373911828,0.0
20260716,base,other,age_1_5,2,291553,58413,0.2101022652370283,0.21020422056475724,0.0
20260716,base,other,age_1_5,3,291553,58413,0.20288407401184974,0.20289485740424504,0.0
20260716,base,other,age_1_5,mean,291553,58413,0.20399425655187917,0.20402517063847458,0.0
20260716,base,other,age_6_20,0,869369,58239,0.21755187664263742,0.21750440126665388,0.0
20260716,base,other,age_6_20,1,869369,58239,0.1687883413119901,0.16867220543268835,0.0
20260716,base,other,age_6_20,2,869369,58239,0.21253599855138006,0.21249524329089392,0.0
20260716,base,other,age_6_20,3,869369,58239,0.2327539470561034,0.2327697974833988,0.0
20260716,base,other,age_6_20,mean,869369,58239,0.20790754089052774,0.20786041186840873,0.0
20260716,base,other,age_gt20,0,3292092,57722,0.21710570572939156,0.2169901411397043,0.0
20260716,base,other,age_gt20,1,3292092,57722,0.1700008845021346,0.1699456853349021,0.0
20260716,base,other,age_gt20,2,3292092,57722,0.20823740431943133,0.20802313520171525,0.0
20260716,base,other,age_gt20,3,3292092,57722,0.2575488204087755,0.2576942133529963,0.0
20260716,base,other,age_gt20,mean,3292092,57722,0.21322320373993325,0.2131632937573295,0.0
20260716,base,Pass+CONTROL,ends_at_anchor,0,38348,38348,0.18839261896688833,0.18839261896688833,0.0
20260716,base,Pass+CONTROL,ends_at_anchor,1,38348,38348,0.2409127197984411,0.2409127197984411,0.0
20260716,base,Pass+CONTROL,ends_at_anchor,2,38348,38348,0.018437278706751912,0.018437278706751912,0.0
20260716,base,Pass+CONTROL,ends_at_anchor,3,38348,38348,0.26005459701897454,0.26005459701897454,0.0
20260716,base,Pass+CONTROL,ends_at_anchor,mean,38348,38348,0.17694930362276395,0.17694930362276395,0.0
20260716,base,Pass+CONTROL,age_1_5,0,191477,38364,0.2347825175067349,0.23480858416599626,0.0
20260716,base,Pass+CONTROL,age_1_5,1,191477,38364,0.24306723061282284,0.24294566124829894,0.0
20260716,base,Pass+CONTROL,age_1_5,2,191477,38364,0.17573110594516198,0.17580593882905288,0.0
20260716,base,Pass+CONTROL,age_1_5,3,191477,38364,0.21295735623364634,0.21297475976379251,0.0
20260716,base,Pass+CONTROL,age_1_5,mean,191477,38364,0.2166345525745915,0.21663373600178515,0.0
20260716,base,Pass+CONTROL,age_6_20,0,571171,38253,0.22274116257338186,0.22267538608489795,0.0
20260716,base,Pass+CONTROL,age_6_20,1,571171,38253,0.18881698436445632,0.18862965712657206,0.0
20260716,base,Pass+CONTROL,age_6_20,2,571171,38253,0.20141085216596502,0.20142506397419543,0.0
20260716,base,Pass+CONTROL,age_6_20,3,571171,38253,0.23610820271294827,0.23622798110027363,0.0
20260716,base,Pass+CONTROL,age_6_20,mean,571171,38253,0.21226930045418788,0.21223952207148478,0.0
20260716,base,Pass+CONTROL,age_gt20,0,2157327,37915,0.2223798213104418,0.22226100055477271,0.0
20260716,base,Pass+CONTROL,age_gt20,1,2157327,37915,0.1788899508556449,0.17884162665652284,0.0
20260716,base,Pass+CONTROL,age_gt20,2,2157327,37915,0.1995339447246486,0.19935841567698917,0.0
20260716,base,Pass+CONTROL,age_gt20,3,2157327,37915,0.26197999943041145,0.2621759421220482,0.0
20260716,base,Pass+CONTROL,age_gt20,mean,2157327,37915,0.21569592908028667,0.21565924625258323,0.0
20260716,constant,other,ends_at_anchor,0,58429,58429,0.3101916280032978,0.3101916280032978,-0.06362737715244293
20260716,constant,other,ends_at_anchor,1,58429,58429,0.20001857078082788,0.20001857078082788,-0.24013987183570862
20260716,constant,other,ends_at_anchor,2,58429,58429,0.3111548758322792,0.3111548758322792,0.0315265953540802
20260716,constant,other,ends_at_anchor,3,58429,58429,0.1510655961202159,0.1510655961202159,-0.11360488831996918
20260716,constant,other,ends_at_anchor,mean,58429,58429,0.24310766768415518,0.24310766768415518,-0.09646138548851013
20260716,constant,other,age_1_5,0,291553,58413,0.23805235208287012,0.23807361554580603,-0.06362737715244293
20260716,constant,other,age_1_5,1,291553,58413,0.15457626613586128,0.15455654437123303,-0.24013987183570862
20260716,constant,other,age_1_5,2,291553,58413,0.1883143531310077,0.18842222328116076,0.0315265953540802
20260716,constant,other,age_1_5,3,291553,58413,0.182092436763267,0.18210871463646325,-0.11360488831996918
20260716,constant,other,age_1_5,mean,291553,58413,0.19075885202825155,0.19079027445866578,-0.09646138548851013
20260716,constant,other,age_6_20,0,869369,58239,0.2334781436371553,0.23346163015030122,-0.06362737715244293
20260716,constant,other,age_6_20,1,869369,58239,0.1464546366648333,0.14631066707451873,-0.24013987183570862
20260716,constant,other,age_6_20,2,869369,58239,0.1744469424422033,0.17438257885520173,0.0315265953540802
20260716,constant,other,age_6_20,3,869369,58239,0.19730667334131682,0.19727524330924173,-0.11360488831996918
20260716,constant,other,age_6_20,mean,869369,58239,0.18792159902137717,0.18785752984731585,-0.09646138548851013
20260716,constant,other,age_gt20,0,3292092,57722,0.23903947654554955,0.23902354520725147,-0.06362737715244293
20260716,constant,other,age_gt20,1,3292092,57722,0.14570097613153293,0.14559321188223093,-0.24013987183570862
20260716,constant,other,age_gt20,2,3292092,57722,0.16451625797226807,0.16429777521411473,0.0315265953540802
20260716,constant,other,age_gt20,3,3292092,57722,0.21028746476569624,0.21028965476684483,-0.11360488831996918
20260716,constant,other,age_gt20,mean,3292092,57722,0.1898860438537617,0.18980104676761048,-0.09646138548851013
20260716,constant,Pass+CONTROL,ends_at_anchor,0,38348,38348,0.16857493949755428,0.16857493949755428,-0.06362737715244293
20260716,constant,Pass+CONTROL,ends_at_anchor,1,38348,38348,0.21150430152228827,0.21150430152228827,-0.24013987183570862
20260716,constant,Pass+CONTROL,ends_at_anchor,2,38348,38348,0.04041014239249384,0.04041014239249384,0.0315265953540802
20260716,constant,Pass+CONTROL,ends_at_anchor,3,38348,38348,0.221739577612565,0.221739577612565,-0.11360488831996918
20260716,constant,Pass+CONTROL,ends_at_anchor,mean,38348,38348,0.16055724025622536,0.16055724025622536,-0.09646138548851013
20260716,constant,Pass+CONTROL,age_1_5,0,191477,38364,0.23142217890519884,0.23147732880103244,-0.06362737715244293
20260716,constant,Pass+CONTROL,age_1_5,1,191477,38364,0.2284950254280936,0.22837364451860823,-0.24013987183570862
20260716,constant,Pass+CONTROL,age_1_5,2,191477,38364,0.1632297880465353,0.16328720805738486,0.0315265953540802
20260716,constant,Pass+CONTROL,age_1_5,3,191477,38364,0.18573698689798662,0.18574126860972068,-0.11360488831996918
20260716,constant,Pass+CONTROL,age_1_5,mean,191477,38364,0.2022209948194536,0.20221986249668655,-0.09646138548851013
20260716,constant,Pass+CONTROL,age_6_20,0,571171,38253,0.23493961577656253,0.23490277917315178,-0.06362737715244293
20260716,constant,Pass+CONTROL,age_6_20,1,571171,38253,0.1670768207286937,0.16686573416607037,-0.24013987183570862
20260716,constant,Pass+CONTROL,age_6_20,2,571171,38253,0.16629806398423352,0.16627200636046816,0.0315265953540802
20260716,constant,Pass+CONTROL,age_6_20,3,571171,38253,0.1983967186100668,0.19846029263071277,-0.11360488831996918
20260716,constant,Pass+CONTROL,age_6_20,mean,571171,38253,0.19167780477488913,0.19162520308260075,-0.09646138548851013
20260716,constant,Pass+CONTROL,age_gt20,0,2157327,37915,0.2416126428171419,0.2415568508813902,-0.06362737715244293
20260716,constant,Pass+CONTROL,age_gt20,1,2157327,37915,0.15577515784924392,0.15562011196517472,-0.24013987183570862
20260716,constant,Pass+CONTROL,age_gt20,2,2157327,37915,0.15906636043744296,0.1588639197080166,0.0315265953540802
20260716,constant,Pass+CONTROL,age_gt20,3,2157327,37915,0.21241802600708085,0.2125145171173947,-0.11360488831996918
20260716,constant,Pass+CONTROL,age_gt20,mean,2157327,37915,0.19221804677772739,0.19213884991799404,-0.09646138548851013
20260716,transition,other,ends_at_anchor,0,58429,58429,0.30267954053070617,0.30267954053070617,-0.24547017200788313
20260716,transition,other,ends_at_anchor,1,58429,58429,0.19994053406403667,0.19994053406403667,-0.8586164702836016
20260716,transition,other,ends_at_anchor,2,58429,58429,0.3083186064013693,0.3083186064013693,-0.09745522696068769
20260716,transition,other,ends_at_anchor,3,58429,58429,0.20157619260642481,0.20157619260642481,0.19945609669075107
20260716,transition,other,ends_at_anchor,mean,58429,58429,0.2531287184006343,0.2531287184006343,-0.2505214431403553
20260716,transition,other,age_1_5,0,291553,58413,0.22148175716879673,0.2214935173918616,-0.20278493402858053
20260716,transition,other,age_1_5,1,291553,58413,0.13165243031528462,0.13157695786911588,-0.8239524101841363
20260716,transition,other,age_1_5,2,291553,58413,0.20716589174250036,0.20730231290019324,-0.20929659931838557
20260716,transition,other,age_1_5,3,291553,58413,0.22039992157658483,0.22041103635803672,0.21693542655147943
20260716,transition,other,age_1_5,mean,291553,58413,0.19517500020079162,0.19519595612980184,-0.25477462924490574
20260716,transition,other,age_6_20,0,869369,58239,0.2067298351419298,0.20671440803809335,-0.19592347982401512
20260716,transition,other,age_6_20,1,869369,58239,0.099217561596387,0.09908011361199616,-0.8140570720880694
20260716,transition,other,age_6_20,2,869369,58239,0.21010355141797665,0.2101236556643022,-0.2297637935228608
20260716,transition,other,age_6_20,3,869369,58239,0.2476693626914185,0.24766969760006438,0.2209763376318202
20260716,transition,other,age_6_20,mean,869369,58239,0.190930077711928,0.19089696872861403,-0.25469200195078134
20260716,transition,other,age_gt20,0,3292092,57722,0.20957750541883172,0.20954245772857136,-0.19696141331203226
20260716,transition,other,age_gt20,1,3292092,57722,0.09218406640134748,0.09204865098195067,-0.8145329525711908
20260716,transition,other,age_gt20,2,3292092,57722,0.20026945393184906,0.20014619689408428,-0.2350018899750948
20260716,transition,other,age_gt20,3,3292092,57722,0.2746250752618858,0.27466650677614546,0.22179533370442364
20260716,transition,other,age_gt20,mean,3292092,57722,0.19416402525347853,0.19410095309518793,-0.2561752305384736
20260716,transition,Pass+CONTROL,ends_at_anchor,0,38348,38348,0.1806576175449949,0.1806576175449949,-0.11278910630843936
20260716,transition,Pass+CONTROL,ends_at_anchor,1,38348,38348,0.24278576578651648,0.24278576578651648,-0.7469105438115659
20260716,transition,Pass+CONTROL,ends_at_anchor,2,38348,38348,0.0279648368292799,0.0279648368292799,-0.4551730900547095
20260716,transition,Pass+CONTROL,ends_at_anchor,3,38348,38348,0.24920934768844516,0.24920934768844516,0.2623329524605956
20260716,transition,Pass+CONTROL,ends_at_anchor,mean,38348,38348,0.17515439196230911,0.17515439196230911,-0.2631349469285298
20260716,transition,Pass+CONTROL,age_1_5,0,191477,38364,0.22380117351652246,0.22385334191754033,-0.1776501046445069
20260716,transition,Pass+CONTROL,age_1_5,1,191477,38364,0.19782099856472435,0.1977422310091917,-0.7993723335004995
20260716,transition,Pass+CONTROL,age_1_5,2,191477,38364,0.17545464784094575,0.17553150189875477,-0.2848285995170592
20260716,transition,Pass+CONTROL,age_1_5,3,191477,38364,0.22400154303228523,0.2239857044987782,0.23572621410412645
20260716,transition,Pass+CONTROL,age_1_5,mean,191477,38364,0.20526959073861945,0.20527819483106624,-0.25653120588948475
20260716,transition,Pass+CONTROL,age_6_20,0,571171,38253,0.21324402340126444,0.21318934550028668,-0.18787809354797821
20260716,transition,Pass+CONTROL,age_6_20,1,571171,38253,0.11618611849693307,0.11600468115077935,-0.8149644055017324
20260716,transition,Pass+CONTROL,age_6_20,2,571171,38253,0.19668452985334525,0.19672973657223633,-0.2551333403682116
20260716,transition,Pass+CONTROL,age_6_20,3,571171,38253,0.25297978784159003,0.25303553683334384,0.23006147493246343
20260716,transition,Pass+CONTROL,age_6_20,mean,571171,38253,0.1947736148982832,0.19473982501416154,-0.25697859112136473
20260716,transition,Pass+CONTROL,age_gt20,0,2157327,37915,0.21561616802841818,0.21552715417422766,-0.19187058572631607
20260716,transition,Pass+CONTROL,age_gt20,1,2157327,37915,0.09940242010035027,0.09924536754096912,-0.8152247480908599
20260716,transition,Pass+CONTROL,age_gt20,2,2157327,37915,0.18885469633121466,0.18874819710130392,-0.25025149666748553
20260716,transition,Pass+CONTROL,age_gt20,3,2157327,37915,0.2807637304282127,0.28083033293253523,0.22826021611161704
20260716,transition,Pass+CONTROL,age_gt20,mean,2157327,37915,0.19615925372204895,0.196087762937259,-0.25727165359326115
20260717,base,other,ends_at_anchor,0,58429,58429,0.25707319582554655,0.25707319582554655,0.0
20260717,base,other,ends_at_anchor,1,58429,58429,0.19855854222841451,0.19855854222841451,0.0
20260717,base,other,ends_at_anchor,2,58429,58429,0.23756051443865903,0.23756051443865903,0.0
20260717,base,other,ends_at_anchor,3,58429,58429,0.2966218631380199,0.2966218631380199,0.0
20260717,base,other,ends_at_anchor,mean,58429,58429,0.24745352890765998,0.24745352890765998,0.0
20260717,base,other,age_1_5,0,291553,58413,0.16617627681100217,0.1661657012457913,0.0
20260717,base,other,age_1_5,1,291553,58413,0.18959618099337405,0.18966231122809893,0.0
20260717,base,other,age_1_5,2,291553,58413,0.1844397127171002,0.18439175551084477,0.0
20260717,base,other,age_1_5,3,291553,58413,0.2071878161601217,0.20713433883312807,0.0
20260717,base,other,age_1_5,mean,291553,58413,0.18684999667039953,0.18683852670446577,0.0
20260717,base,other,age_6_20,0,869369,58239,0.15790743956612954,0.15780757683538488,0.0
20260717,base,other,age_6_20,1,869369,58239,0.21029603451775636,0.21038493364843575,0.0
20260717,base,other,age_6_20,2,869369,58239,0.15458715705637022,0.15449711053982337,0.0
20260717,base,other,age_6_20,3,869369,58239,0.1538473172370865,0.15376609252551798,0.0
20260717,base,other,age_6_20,mean,869369,58239,0.16915948709433565,0.1691139283872905,0.0
20260717,base,other,age_gt20,0,3292092,57722,0.11886514938013842,0.11860249247598786,0.0
20260717,base,other,age_gt20,1,3292092,57722,0.21044102321316052,0.21042898218643916,0.0
20260717,base,other,age_gt20,2,3292092,57722,0.14542340603010984,0.14516902195293285,0.0
20260717,base,other,age_gt20,3,3292092,57722,0.12771543244745562,0.1276744593917139,0.0
20260717,base,other,age_gt20,mean,3292092,57722,0.15061125276771611,0.15046873900176844,0.0
20260717,base,Pass+CONTROL,ends_at_anchor,0,38348,38348,0.005372862815795454,0.005372862815795454,0.0
20260717,base,Pass+CONTROL,ends_at_anchor,1,38348,38348,0.12936513097958602,0.12936513097958602,0.0
20260717,base,Pass+CONTROL,ends_at_anchor,2,38348,38348,0.07703193860803557,0.07703193860803557,0.0
20260717,base,Pass+CONTROL,ends_at_anchor,3,38348,38348,0.30186310765907826,0.30186310765907826,0.0
20260717,base,Pass+CONTROL,ends_at_anchor,mean,38348,38348,0.12840826001562383,0.12840826001562383,0.0
20260717,base,Pass+CONTROL,age_1_5,0,191477,38364,0.1100586123634104,0.11011126528479892,0.0
20260717,base,Pass+CONTROL,age_1_5,1,191477,38364,0.19126562261443375,0.19127557759950434,0.0
20260717,base,Pass+CONTROL,age_1_5,2,191477,38364,0.17036693343582016,0.17037502379995584,0.0
20260717,base,Pass+CONTROL,age_1_5,3,191477,38364,0.283708429902706,0.2836218162255206,0.0
20260717,base,Pass+CONTROL,age_1_5,mean,191477,38364,0.1888498995790926,0.18884592072744494,0.0
20260717,base,Pass+CONTROL,age_6_20,0,571171,38253,0.12901496480495356,0.12895288139899216,0.0
20260717,base,Pass+CONTROL,age_6_20,1,571171,38253,0.20529821856709465,0.2054282710880224,0.0
20260717,base,Pass+CONTROL,age_6_20,2,571171,38253,0.15730680495256189,0.1572530687194512,0.0
20260717,base,Pass+CONTROL,age_6_20,3,571171,38253,0.164939829604857,0.16472443912491377,0.0
20260717,base,Pass+CONTROL,age_6_20,mean,571171,38253,0.16413995448236676,0.16408966508284487,0.0
20260717,base,Pass+CONTROL,age_gt20,0,2157327,37915,0.09425930224076123,0.09390361043395995,0.0
20260717,base,Pass+CONTROL,age_gt20,1,2157327,37915,0.2019809112062548,0.2017974707884064,0.0
20260717,base,Pass+CONTROL,age_gt20,2,2157327,37915,0.14652031973530377,0.1462968980294248,0.0
20260717,base,Pass+CONTROL,age_gt20,3,2157327,37915,0.12395509101338127,0.12379783282373959,0.0
20260717,base,Pass+CONTROL,age_gt20,mean,2157327,37915,0.14167890604892527,0.1414489530188827,0.0
20260717,constant,other,ends_at_anchor,0,58429,58429,0.2492292099346493,0.2492292099346493,-0.16755461692810059
20260717,constant,other,ends_at_anchor,1,58429,58429,0.20538790726525177,0.20538790726525177,-0.14588627219200134
20260717,constant,other,ends_at_anchor,2,58429,58429,0.24020317902453497,0.24020317902453497,-0.07308995723724365
20260717,constant,other,ends_at_anchor,3,58429,58429,0.2922108172455926,0.2922108172455926,-0.07137013971805573
20260717,constant,other,ends_at_anchor,mean,58429,58429,0.24675777836750717,0.24675777836750717,-0.11447524651885033
20260717,constant,other,age_1_5,0,291553,58413,0.15986819401638078,0.15985047102715869,-0.16755461692810059
20260717,constant,other,age_1_5,1,291553,58413,0.17533674313002706,0.17538886966108325,-0.14588627219200134
20260717,constant,other,age_1_5,2,291553,58413,0.19948396905939286,0.19943342833777403,-0.07308995723724365
20260717,constant,other,age_1_5,3,291553,58413,0.20442280025848075,0.20433436885661385,-0.07137013971805573
20260717,constant,other,age_1_5,mean,291553,58413,0.18477792661607034,0.18475178447065743,-0.11447524651885033
20260717,constant,other,age_6_20,0,869369,58239,0.1487305741718627,0.14864268560516647,-0.16755461692810059
20260717,constant,other,age_6_20,1,869369,58239,0.18488340248732632,0.18492983596258297,-0.14588627219200134
20260717,constant,other,age_6_20,2,869369,58239,0.17041932028266987,0.17031722819393844,-0.07308995723724365
20260717,constant,other,age_6_20,3,869369,58239,0.14632849846572252,0.14620836720302266,-0.07137013971805573
20260717,constant,other,age_6_20,mean,869369,58239,0.16259044885189533,0.16252452924117763,-0.11447524651885033
20260717,constant,other,age_gt20,0,3292092,57722,0.1104201829414619,0.1101905919008168,-0.16755461692810059
20260717,constant,other,age_gt20,1,3292092,57722,0.18221933600269485,0.18213573339698577,-0.14588627219200134
20260717,constant,other,age_gt20,2,3292092,57722,0.15949629539870802,0.1592069529959931,-0.07308995723724365
20260717,constant,other,age_gt20,3,3292092,57722,0.11861978051357075,0.1185152752590128,-0.07137013971805573
20260717,constant,other,age_gt20,mean,3292092,57722,0.1426888987141089,0.14251213838820212,-0.11447524651885033
20260717,constant,Pass+CONTROL,ends_at_anchor,0,38348,38348,0.004704659196811054,0.004704659196811054,-0.16755461692810059
20260717,constant,Pass+CONTROL,ends_at_anchor,1,38348,38348,0.09854948091471435,0.09854948091471435,-0.14588627219200134
20260717,constant,Pass+CONTROL,ends_at_anchor,2,38348,38348,0.0959749811004743,0.0959749811004743,-0.07308995723724365
20260717,constant,Pass+CONTROL,ends_at_anchor,3,38348,38348,0.317167364089084,0.317167364089084,-0.07137013971805573
20260717,constant,Pass+CONTROL,ends_at_anchor,mean,38348,38348,0.12909912132527093,0.12909912132527093,-0.11447524651885033
20260717,constant,Pass+CONTROL,age_1_5,0,191477,38364,0.10314697316852704,0.10319934625507003,-0.16755461692810059
20260717,constant,Pass+CONTROL,age_1_5,1,191477,38364,0.16291656411225786,0.16295406118768185,-0.14588627219200134
20260717,constant,Pass+CONTROL,age_1_5,2,191477,38364,0.19504061913439255,0.1950363482998781,-0.07308995723724365
20260717,constant,Pass+CONTROL,age_1_5,3,191477,38364,0.2890156332346447,0.288898715088728,-0.07137013971805573
20260717,constant,Pass+CONTROL,age_1_5,mean,191477,38364,0.18752994741245554,0.1875221177078395,-0.11447524651885033
20260717,constant,Pass+CONTROL,age_6_20,0,571171,38253,0.11938298279695309,0.11932978158651948,-0.16755461692810059
20260717,constant,Pass+CONTROL,age_6_20,1,571171,38253,0.17697964057079474,0.1770852404590809,-0.14588627219200134
20260717,constant,Pass+CONTROL,age_6_20,2,571171,38253,0.17638468833602314,0.1763045347960796,-0.07308995723724365
20260717,constant,Pass+CONTROL,age_6_20,3,571171,38253,0.16022807423618263,0.15997192731424537,-0.07137013971805573
20260717,constant,Pass+CONTROL,age_6_20,mean,571171,38253,0.1582438464849884,0.15817287103898134,-0.11447524651885033
20260717,constant,Pass+CONTROL,age_gt20,0,2157327,37915,0.08559837428427652,0.08524713364933614,-0.16755461692810059
20260717,constant,Pass+CONTROL,age_gt20,1,2157327,37915,0.1729792948556522,0.17273068520795765,-0.14588627219200134
20260717,constant,Pass+CONTROL,age_gt20,2,2157327,37915,0.161920001096374,0.16164716777021443,-0.07308995723724365
20260717,constant,Pass+CONTROL,age_gt20,3,2157327,37915,0.11629351501054203,0.11604873463435304,-0.07137013971805573
20260717,constant,Pass+CONTROL,age_gt20,mean,2157327,37915,0.1341977963117112,0.1339184303154653,-0.11447524651885033
20260717,transition,other,ends_at_anchor,0,58429,58429,0.2514136125240623,0.2514136125240623,-0.6903192514555929
20260717,transition,other,ends_at_anchor,1,58429,58429,0.13993042244967124,0.13993042244967124,-3.1165738364746285
20260717,transition,other,ends_at_anchor,2,58429,58429,0.20613703060178248,0.20613703060178248,-0.24758505585894103
20260717,transition,other,ends_at_anchor,3,58429,58429,0.2306891974136246,0.2306891974136246,-1.808748817727358
20260717,transition,other,ends_at_anchor,mean,58429,58429,0.20704256574728516,0.20704256574728516,-1.4658067403791302
20260717,transition,other,age_1_5,0,291553,58413,0.15666286642556276,0.15665472024229785,-0.7566993794866745
20260717,transition,other,age_1_5,1,291553,58413,0.09832249597422113,0.09840543985237364,-3.968739429445092
20260717,transition,other,age_1_5,2,291553,58413,0.19033877587026443,0.19035459228973525,-0.315812480562915
20260717,transition,other,age_1_5,3,291553,58413,0.11678312781043759,0.11669481051440105,-2.3028918085064807
20260717,transition,other,age_1_5,mean,291553,58413,0.14052681652012147,0.14052739072470194,-1.8360357745002904
20260717,transition,other,age_6_20,0,869369,58239,0.14809397341931757,0.1480613730746855,-0.7713501379158069
20260717,transition,other,age_6_20,1,869369,58239,0.09779980079034478,0.09789284669505427,-4.154460340672668
20260717,transition,other,age_6_20,2,869369,58239,0.15818098505688477,0.15816874575122666,-0.3306380852032243
20260717,transition,other,age_6_20,3,869369,58239,0.07725084387825724,0.07720773530157532,-2.4091448581082684
20260717,transition,other,age_6_20,mean,869369,58239,0.1203314007862011,0.12033267520563544,-1.916398355474992
20260717,transition,other,age_gt20,0,3292092,57722,0.10922999511138962,0.10905864061110188,-0.7746815675481108
20260717,transition,other,age_gt20,1,3292092,57722,0.09478607127947712,0.09493178719721763,-4.195377700931863
20260717,transition,other,age_gt20,2,3292092,57722,0.14591824237437703,0.1457968885738788,-0.33405868935398036
20260717,transition,other,age_gt20,3,3292092,57722,0.062247255974308725,0.06222342962325303,-2.431872055513728
20260717,transition,other,age_gt20,mean,3292092,57722,0.10304539118488813,0.10300268650136282,-1.9339975033369208
20260717,transition,Pass+CONTROL,ends_at_anchor,0,38348,38348,0.004306095400517096,0.004306095400517096,-0.9110119001143504
20260717,transition,Pass+CONTROL,ends_at_anchor,1,38348,38348,0.01179661754327023,0.01179661754327023,-5.909682416312899
20260717,transition,Pass+CONTROL,ends_at_anchor,2,38348,38348,0.13057780303626523,0.13057780303626523,-0.472039233092444
20260717,transition,Pass+CONTROL,ends_at_anchor,3,38348,38348,0.06670259957681621,0.06670259957681621,-3.421030097868466
20260717,transition,Pass+CONTROL,ends_at_anchor,mean,38348,38348,0.05334577888921719,0.05334577888921719,-2.67844091184704
20260717,transition,Pass+CONTROL,age_1_5,0,191477,38364,0.09742506199733592,0.0974786064976535,-0.8100014221818783
20260717,transition,Pass+CONTROL,age_1_5,1,191477,38364,0.07141542347407906,0.07147711993725651,-4.6132452709590765
20260717,transition,Pass+CONTROL,age_1_5,2,191477,38364,0.19090500287365353,0.19095597175942486,-0.3681719802828951
20260717,transition,Pass+CONTROL,age_1_5,3,191477,38364,0.13186195928318295,0.13177955740767225,-2.6690956432745025
20260717,transition,Pass+CONTROL,age_1_5,mean,191477,38364,0.12290186190706286,0.12292281390050178,-2.115128579174588
20260717,transition,Pass+CONTROL,age_6_20,0,571171,38253,0.11567504184137205,0.11567450605351355,-0.7887098650976321
20260717,transition,Pass+CONTROL,age_6_20,1,571171,38253,0.08936587182021073,0.0894764900539769,-4.340733203287148
20260717,transition,Pass+CONTROL,age_6_20,2,571171,38253,0.16001937155139012,0.16003791425254568,-0.34653395999073167
20260717,transition,Pass+CONTROL,age_6_20,3,571171,38253,0.079270356086565,0.07913780551532093,-2.513164428276876
20260717,transition,Pass+CONTROL,age_6_20,mean,571171,38253,0.11108266032488448,0.11108167896883925,-1.997285364163097
20260717,transition,Pass+CONTROL,age_gt20,0,2157327,37915,0.08108019302463493,0.08079688931525814,-0.7854018296000528
20260717,transition,Pass+CONTROL,age_gt20,1,2157327,37915,0.08757277738312552,0.08768823425007068,-4.305571799355398
20260717,transition,Pass+CONTROL,age_gt20,2,2157327,37915,0.14468217838661263,0.14465490916991663,-0.3436669975442792
20260717,transition,Pass+CONTROL,age_gt20,3,2157327,37915,0.057122364949023244,0.05704238060881603,-2.4932038931651563
20260717,transition,Pass+CONTROL,age_gt20,mean,2157327,37915,0.09261437843584908,0.09254560333601536,-1.9819611299162216
