variant,seed,group,samples,event_accuracy,event_macro_f1,time_mae_seconds,position_distance_mae_m
b0,20260715,CONTROL,48288,0.7790134194831014,0.2093498017289197,1.0467387437820435,13.137676239013672
b0,20260715,CONTESTED,43001,0.7036347991907165,0.47393306364931365,1.128408670425415,19.952735900878906
b0,20260715,restart,5227,0.737325425674383,0.4275662924019449,1.256150245666504,20.239154815673828
b0,20260715,switch,11820,0.6516074450084602,0.3914569553059187,1.3868906497955322,19.007532119750977
b0,20260715,boundary,5425,0.9688479262672811,0.15914547406562435,9.724185943603516,28.12033462524414
b0,20260715,possession_1_3_events,43604,0.7353224474818824,0.5481126485026545,1.3488249778747559,17.229963302612305
b0,20260715,possession_4_10_events,39237,0.7692993857838265,0.5763150196500968,1.733059287071228,16.92239761352539
b0,20260715,possession_11plus_events,13683,0.784623255134108,0.5799526992468469,1.6850388050079346,16.248966217041016
b0,20260715,pass_heavy_possession,40599,0.7682947855858518,0.520693486060988,1.1421151161193848,13.00768756866455
t0_membership,20260715,CONTROL,48288,0.778972001325381,0.21070003790902012,1.041176676750183,13.105256080627441
t0_membership,20260715,CONTESTED,43001,0.7038673519220483,0.49511341507049333,1.1351157426834106,20.54500389099121
t0_membership,20260715,restart,5227,0.7438301128754544,0.432133686734007,1.2598034143447876,20.540239334106445
t0_membership,20260715,switch,11820,0.6499153976311337,0.3859361565782042,1.3891429901123047,19.311481475830078
t0_membership,20260715,boundary,5425,0.968110599078341,0.14327430831553645,10.010997772216797,33.444725036621094
t0_membership,20260715,possession_1_3_events,43604,0.7349555086689294,0.5647415285794215,1.362160086631775,17.81362533569336
t0_membership,20260715,possession_4_10_events,39237,0.7697326503045595,0.5953311314888808,1.7588142156600952,17.495960235595703
t0_membership,20260715,possession_11plus_events,13683,0.7843309215815245,0.5985887627101,1.680042028427124,16.579069137573242
t0_membership,20260715,pass_heavy_possession,40599,0.7656346215424025,0.5418847512227474,1.144435167312622,13.166168212890625
t1_owner,20260715,CONTROL,48288,0.7797175281643473,0.20913453632847134,1.0391960144042969,13.112516403198242
t1_owner,20260715,CONTESTED,43001,0.7049603497593079,0.4975381655774915,1.1399778127670288,20.226396560668945
t1_owner,20260715,restart,5227,0.7447866845226707,0.4320180476613883,1.261202335357666,20.45833396911621
t1_owner,20260715,switch,11820,0.651269035532995,0.38729045679845314,1.3839784860610962,19.234786987304688
t1_owner,20260715,boundary,5425,0.9686635944700461,0.14941246426276827,10.064167022705078,34.11708450317383
t1_owner,20260715,possession_1_3_events,43604,0.7347261719108339,0.5665746976675639,1.3590930700302124,17.712207794189453
t1_owner,20260715,possession_4_10_events,39237,0.7714402222392129,0.5972597818372458,1.766262412071228,17.410236358642578
t1_owner,20260715,possession_11plus_events,13683,0.786377256449609,0.6024067357517687,1.6960175037384033,16.446428298950195
t1_owner,20260715,pass_heavy_possession,40599,0.7673095396438336,0.5436360961211165,1.148598313331604,13.101573944091797
t2_transition,20260715,CONTROL,48288,0.7802559642147118,0.20790363270123108,1.0408538579940796,13.133967399597168
t2_transition,20260715,CONTESTED,43001,0.7078672589009558,0.4971784227531632,1.1425162553787231,20.165451049804688
t2_transition,20260715,restart,5227,0.7476563994643198,0.4357027869949893,1.2642898559570312,20.457361221313477
t2_transition,20260715,switch,11820,0.6493231810490694,0.38017506497965353,1.3907214403152466,19.28396224975586
t2_transition,20260715,boundary,5425,0.9686635944700461,0.14940322355002836,9.993170738220215,33.77649688720703
t2_transition,20260715,possession_1_3_events,43604,0.736331529217503,0.5655888065192509,1.3617019653320312,17.73900032043457
t2_transition,20260715,possession_4_10_events,39237,0.7732242526187018,0.5956521248087936,1.757582426071167,17.319915771484375
t2_transition,20260715,possession_11plus_events,13683,0.7871080903310678,0.6053567810860581,1.6922571659088135,16.356670379638672
t2_transition,20260715,pass_heavy_possession,40599,0.7677529003177418,0.5432964251945188,1.1483304500579834,13.114383697509766
c1_categorical,20260715,CONTROL,48288,0.773918986083499,0.20309361552435484,1.0555492639541626,13.653886795043945
c1_categorical,20260715,CONTESTED,43001,0.6973326201716239,0.4741208328103584,1.1299453973770142,20.433643341064453
c1_categorical,20260715,restart,5227,0.7394298832982591,0.43006374030129646,1.272804856300354,20.193666458129883
c1_categorical,20260715,switch,11820,0.6317258883248731,0.3848797272632949,1.4141958951950073,19.56802749633789
c1_categorical,20260715,boundary,5425,0.9699539170506912,0.1681929275837905,9.685094833374023,30.03290557861328
c1_categorical,20260715,possession_1_3_events,43604,0.726194844509678,0.5480284478634883,1.3515219688415527,17.70966148376465
c1_categorical,20260715,possession_4_10_events,39237,0.7674898692560593,0.5793322305691357,1.737884759902954,17.58845329284668
c1_categorical,20260715,possession_11plus_events,13683,0.7811152525031061,0.5786445837689027,1.675764560699463,16.855472564697266
c1_categorical,20260715,pass_heavy_possession,40599,0.7596492524446415,0.525220661046464,1.1374857425689697,13.492984771728516
d2_dynamic,20260715,CONTROL,48288,0.7789927104042412,0.23992697872889016,1.0649468898773193,12.311553001403809
d2_dynamic,20260715,CONTESTED,43001,0.7361456710309062,0.5157308446928963,1.1036217212677002,19.28257179260254
d2_dynamic,20260715,restart,5227,0.7555002869714942,0.46148549765238345,1.250453233718872,19.388954162597656
d2_dynamic,20260715,switch,11820,0.6767343485617597,0.4131140341104387,1.3948214054107666,18.117128372192383
d2_dynamic,20260715,boundary,5425,0.9690322580645161,0.15558387893098638,9.538753509521484,35.945255279541016
d2_dynamic,20260715,possession_1_3_events,43604,0.751926428768003,0.5945176134109699,1.3464733362197876,16.971479415893555
d2_dynamic,20260715,possession_4_10_events,39237,0.7836735734128502,0.6143401095968496,1.711402416229248,16.717256546020508
d2_dynamic,20260715,possession_11plus_events,13683,0.7921508441131331,0.615182130000396,1.6621954441070557,15.743520736694336
d2_dynamic,20260715,pass_heavy_possession,40599,0.7761028596763467,0.5740986275044087,1.1359525918960571,11.868525505065918
v3_j0,20260715,CONTROL,48288,0.6983929754804507,0.16419321699109454,1.0453743934631348,11.418004989624023
v3_j0,20260715,CONTESTED,43001,0.46736122415757775,0.3491328895996075,1.1373039484024048,21.240190505981445
v3_j0,20260715,restart,5227,0.49225176965754736,0.3280579156885824,1.242477297782898,19.899032592773438
v3_j0,20260715,switch,11820,0.48214890016920475,0.28890191352800815,1.398297667503357,18.594167709350586
v3_j0,20260715,boundary,5425,0.9644239631336405,0.0982258518727119,9.425189018249512,33.57868194580078
v3_j0,20260715,possession_1_3_events,43604,0.5851068709292725,0.46697358119450055,1.347194790840149,17.128995895385742
v3_j0,20260715,possession_4_10_events,39237,0.6306292530009939,0.4922057538930715,1.7126487493515015,17.0316219329834
v3_j0,20260715,possession_11plus_events,13683,0.6413798143681941,0.505665132201774,1.640609622001648,16.45110511779785
v3_j0,20260715,pass_heavy_possession,40599,0.6551146579965024,0.4579493891898993,1.1279829740524292,11.66049861907959
b0,20260716,CONTROL,48288,0.779696819085487,0.20947266735913148,1.0449507236480713,13.040770530700684
b0,20260716,CONTESTED,43001,0.7097276807516104,0.4984452365827548,1.1322014331817627,19.956022262573242
b0,20260716,restart,5227,0.7455519418404438,0.44399584903101924,1.241166591644287,20.701679229736328
b0,20260716,switch,11820,0.66082910321489,0.38482436209874227,1.4111814498901367,18.04557228088379
b0,20260716,boundary,5425,0.9690322580645161,0.15558387893098638,9.381904602050781,30.923734664916992
b0,20260716,possession_1_3_events,43604,0.7389001009081736,0.571924524107259,1.3306374549865723,17.15874671936035
b0,20260716,possession_4_10_events,39237,0.7731732803221449,0.5951610773143339,1.7166475057601929,17.140851974487305
b0,20260716,possession_11plus_events,13683,0.7833808375356281,0.5886984194197656,1.6531004905700684,16.598526000976562
b0,20260716,pass_heavy_possession,40599,0.7715707283430626,0.5480227401363937,1.1233036518096924,12.567195892333984
t0_membership,20260716,CONTROL,48288,0.7806287276341949,0.21363628991880246,1.0374715328216553,13.326258659362793
t0_membership,20260716,CONTESTED,43001,0.7048673286667752,0.4925163616177527,1.1336005926132202,20.725879669189453
t0_membership,20260716,restart,5227,0.7354122823799503,0.41781773206765027,1.284968376159668,21.113845825195312
t0_membership,20260716,switch,11820,0.6549915397631134,0.3867563027459278,1.401453971862793,18.948802947998047
t0_membership,20260716,boundary,5425,0.9701382488479263,0.1683470493732687,9.125225067138672,30.64525604248047
t0_membership,20260716,possession_1_3_events,43604,0.7364232639207412,0.5604736369962977,1.331230878829956,17.703367233276367
t0_membership,20260716,possession_4_10_events,39237,0.7716186252771619,0.5920517460739326,1.683876872062683,17.610977172851562
t0_membership,20260716,possession_11plus_events,13683,0.7839655046407952,0.597397160103818,1.6171797513961792,16.888591766357422
t0_membership,20260716,pass_heavy_possession,40599,0.7710781053720535,0.5434207053405948,1.1124438047409058,12.953607559204102
t1_owner,20260716,CONTROL,48288,0.78004887342611,0.21331330940892573,1.0393342971801758,13.522215843200684
t1_owner,20260716,CONTESTED,43001,0.7067044952442967,0.4869627666290567,1.1290385723114014,21.030200958251953
t1_owner,20260716,restart,5227,0.7348383393916205,0.4214199737574047,1.2910032272338867,21.18747329711914
t1_owner,20260716,switch,11820,0.6516074450084602,0.38610122541923847,1.4011915922164917,19.204416275024414
t1_owner,20260716,boundary,5425,0.9695852534562212,0.16151516695628443,9.37840747833252,30.52497673034668
t1_owner,20260716,possession_1_3_events,43604,0.7357123199706449,0.5576520359331043,1.332008957862854,17.912805557250977
t1_owner,20260716,possession_4_10_events,39237,0.7734026556566506,0.587237293629854,1.7125459909439087,17.84019660949707
t1_owner,20260716,possession_11plus_events,13683,0.7847694219103998,0.588014485847298,1.619826078414917,17.161130905151367
t1_owner,20260716,pass_heavy_possession,40599,0.7711027365206039,0.5400083368111708,1.1130220890045166,13.22675609588623
t2_transition,20260716,CONTROL,48288,0.7798417826375083,0.21533213654849956,1.0388150215148926,13.578399658203125
t2_transition,20260716,CONTESTED,43001,0.7063556661472989,0.48728180885149497,1.129392385482788,20.81439781188965
t2_transition,20260716,restart,5227,0.7334991390855176,0.41735652131952616,1.2854115962982178,21.251569747924805
t2_transition,20260716,switch,11820,0.6540609137055837,0.38888260539256814,1.4013855457305908,19.27001953125
t2_transition,20260716,boundary,5425,0.9686635944700461,0.14935011269722015,9.062475204467773,30.769712448120117
t2_transition,20260716,possession_1_3_events,43604,0.7358269883496927,0.5572516323219602,1.3299784660339355,17.88187026977539
t2_transition,20260716,possession_4_10_events,39237,0.7726380712082983,0.5879634280920365,1.6793562173843384,17.742847442626953
t2_transition,20260716,possession_11plus_events,13683,0.7844770883578163,0.5848039259937547,1.5988197326660156,17.15093231201172
t2_transition,20260716,pass_heavy_possession,40599,0.7711027365206039,0.5368300759081761,1.1131935119628906,13.2415189743042
c1_categorical,20260716,CONTROL,48288,0.7826375082836315,0.21097611876892364,1.0409181118011475,13.150284767150879
c1_categorical,20260716,CONTESTED,43001,0.710564870584405,0.5035693081459195,1.1215921640396118,20.263450622558594
c1_categorical,20260716,restart,5227,0.7421082839104649,0.41035667992102276,1.2564697265625,21.076313018798828
c1_categorical,20260716,switch,11820,0.657191201353638,0.38634152111376807,1.395775318145752,19.138742446899414
c1_categorical,20260716,boundary,5425,0.9694009216589862,0.16097744360902255,9.48255729675293,33.991859436035156
c1_categorical,20260716,possession_1_3_events,43604,0.739450509127603,0.5688557346710132,1.3391592502593994,17.649988174438477
c1_categorical,20260716,possession_4_10_events,39237,0.7755689782603156,0.6024581316853868,1.7028182744979858,17.396514892578125
c1_categorical,20260716,possession_11plus_events,13683,0.7876196740480889,0.6114465564920117,1.6375700235366821,16.820035934448242
c1_categorical,20260716,pass_heavy_possession,40599,0.7727530234734846,0.5572832842654393,1.1220780611038208,12.8175630569458
d2_dynamic,20260716,CONTROL,48288,0.7841492710404241,0.24261210543122252,1.0551533699035645,12.240124702453613
d2_dynamic,20260716,CONTESTED,43001,0.7371921583218994,0.4983513684988911,1.0980719327926636,19.312637329101562
d2_dynamic,20260716,restart,5227,0.74708245647599,0.4447872004439491,1.258725643157959,19.912137985229492
d2_dynamic,20260716,switch,11820,0.682741116751269,0.4071359998822257,1.3866301774978638,17.998037338256836
d2_dynamic,20260716,boundary,5425,0.967926267281106,0.14666947409339012,9.113801002502441,37.333152770996094
d2_dynamic,20260716,possession_1_3_events,43604,0.7543344647280066,0.5723464022124277,1.3290858268737793,16.817461013793945
d2_dynamic,20260716,possession_4_10_events,39237,0.7863496189820832,0.5922717787605356,1.6752276420593262,16.83807945251465
d2_dynamic,20260716,possession_11plus_events,13683,0.797997515164803,0.6012721857424945,1.6007215976715088,16.220609664916992
d2_dynamic,20260716,pass_heavy_possession,40599,0.7812507697233922,0.5600237117273988,1.11848783493042,11.83569049835205
v3_j0,20260716,CONTROL,48288,0.6946032140490391,0.18150831028212083,1.05782949924469,11.765495300292969
v3_j0,20260716,CONTESTED,43001,0.4734075951722053,0.3597774092372391,1.1417793035507202,20.433319091796875
v3_j0,20260716,restart,5227,0.519801033097379,0.3720450164771161,1.2744123935699463,21.231908798217773
v3_j0,20260716,switch,11820,0.46125211505922165,0.28059479546989935,1.407553791999817,18.156957626342773
v3_j0,20260716,boundary,5425,0.9662672811059908,0.09828442861160588,9.152429580688477,37.06827163696289
v3_j0,20260716,possession_1_3_events,43604,0.5843959269791762,0.47167520432800103,1.3444218635559082,17.145898818969727
v3_j0,20260716,possession_4_10_events,39237,0.6348344674669317,0.5072034872197174,1.7044037580490112,17.042499542236328
v3_j0,20260716,possession_11plus_events,13683,0.6372140612438792,0.5194776156602188,1.6301608085632324,16.479808807373047
v3_j0,20260716,pass_heavy_possession,40599,0.645877977290081,0.4770727332714225,1.1286020278930664,11.547669410705566
b0,20260717,CONTROL,48288,0.7804630550033135,0.21365602331365277,1.049072504043579,13.630457878112793
b0,20260717,CONTESTED,43001,0.7092858305620799,0.48785939630199265,1.1203668117523193,20.272220611572266
b0,20260717,restart,5227,0.7442127415343409,0.44379161354855123,1.245143175125122,20.499753952026367
b0,20260717,switch,11820,0.654653130287648,0.39665416516168195,1.3958913087844849,18.926761627197266
b0,20260717,boundary,5425,0.9686635944700461,0.15124348320558084,9.338892936706543,32.72694778442383
b0,20260717,possession_1_3_events,43604,0.7371342078708375,0.5587681102592091,1.3372101783752441,17.661514282226562
b0,20260717,possession_4_10_events,39237,0.7742691846981166,0.5961604725227213,1.6954187154769897,17.748504638671875
b0,20260717,possession_11plus_events,13683,0.7866695900021925,0.5928495583286452,1.6437318325042725,17.09035301208496
b0,20260717,pass_heavy_possession,40599,0.7703884332126407,0.5434968348405457,1.128569483757019,13.207871437072754
t0_membership,20260717,CONTROL,48288,0.7818298542080848,0.21189655746819022,1.0519148111343384,13.44282054901123
t0_membership,20260717,CONTESTED,43001,0.7071696007069603,0.4997313852789135,1.1152514219284058,20.076501846313477
t0_membership,20260717,restart,5227,0.7421082839104649,0.43581792754195137,1.2642487287521362,20.164487838745117
t0_membership,20260717,switch,11820,0.6538071065989848,0.3921715280035722,1.3933321237564087,18.98130226135254
t0_membership,20260717,boundary,5425,0.9717972350230415,0.18508466129126586,9.010295867919922,29.261659622192383
t0_membership,20260717,possession_1_3_events,43604,0.7377534171176956,0.5689414871512961,1.326747179031372,17.390676498413086
t0_membership,20260717,possession_4_10_events,39237,0.7740143232153325,0.6039532225862944,1.6729075908660889,17.258968353271484
t0_membership,20260717,possession_11plus_events,13683,0.7850617554629833,0.6051200475473685,1.6204493045806885,16.638856887817383
t0_membership,20260717,pass_heavy_possession,40599,0.7690337200423656,0.5513076545135015,1.1223646402359009,13.043720245361328
t1_owner,20260717,CONTROL,48288,0.7803388005301524,0.21321216326777473,1.0608320236206055,13.440531730651855
t1_owner,20260717,CONTESTED,43001,0.7069370479756285,0.49737306248504815,1.1173408031463623,20.216753005981445
t1_owner,20260717,restart,5227,0.7403864549454754,0.44496508846336075,1.2666348218917847,20.31014060974121
t1_owner,20260717,switch,11820,0.6536379018612521,0.39493465960883667,1.398244023323059,18.908098220825195
t1_owner,20260717,boundary,5425,0.9719815668202765,0.18544955727670703,9.154417991638184,29.04525375366211
t1_owner,20260717,possession_1_3_events,43604,0.7366984680304559,0.565763714907207,1.3327902555465698,17.439533233642578
t1_owner,20260717,possession_4_10_events,39237,0.773988837067054,0.6036797255665258,1.6922742128372192,17.32431411743164
t1_owner,20260717,possession_11plus_events,13683,0.7827961704304611,0.602718785459386,1.6438685655593872,16.63814353942871
t1_owner,20260717,pass_heavy_possession,40599,0.7683686790315032,0.5552131896105881,1.131704568862915,12.997236251831055
t2_transition,20260717,CONTROL,48288,0.7801110006626906,0.213827004576517,1.066779613494873,13.289888381958008
t2_transition,20260717,CONTESTED,43001,0.7065882188786308,0.49494882841822196,1.1178058385849,20.31345558166504
t2_transition,20260717,restart,5227,0.7430648555576813,0.44970662206291845,1.2576978206634521,19.91743278503418
t2_transition,20260717,switch,11820,0.6508460236886633,0.396834155948467,1.4049429893493652,18.7973575592041
t2_transition,20260717,boundary,5425,0.9705069124423963,0.17470551378446114,9.069202423095703,29.436656951904297
t2_transition,20260717,possession_1_3_events,43604,0.7360563251077883,0.5646335353904667,1.3323286771774292,17.391176223754883
t2_transition,20260717,possession_4_10_events,39237,0.7736575171394348,0.6012915917429351,1.6885385513305664,17.364221572875977
t2_transition,20260717,possession_11plus_events,13683,0.7831615873711906,0.6017654842341859,1.640228509902954,16.60348129272461
t2_transition,20260717,pass_heavy_possession,40599,0.7674573265351363,0.5509516346157406,1.1359994411468506,12.938043594360352
c1_categorical,20260717,CONTROL,48288,0.7781850563286945,0.1736039282743645,1.0602144002914429,13.469982147216797
c1_categorical,20260717,CONTESTED,43001,0.7063091556010326,0.504339234953044,1.1137022972106934,20.13466453552246
c1_categorical,20260717,restart,5227,0.7382819973215994,0.4131299106309962,1.2532901763916016,20.167943954467773
c1_categorical,20260717,switch,11820,0.6527918781725889,0.36938469461310897,1.4001621007919312,18.621349334716797
c1_categorical,20260717,boundary,5425,0.9710599078341013,0.17744359308598012,9.208884239196777,32.61615753173828
c1_categorical,20260717,possession_1_3_events,43604,0.7357123199706449,0.5638517913939163,1.3277530670166016,17.523218154907227
c1_categorical,20260717,possession_4_10_events,39237,0.7718225144633891,0.5878429248225984,1.7013314962387085,17.578481674194336
c1_categorical,20260717,possession_11plus_events,13683,0.7823576701015859,0.5950361851724014,1.6435449123382568,16.993732452392578
c1_categorical,20260717,pass_heavy_possession,40599,0.7689351954481638,0.5290539737523864,1.1276639699935913,13.125679969787598
d2_dynamic,20260717,CONTROL,48288,0.780400927766733,0.20704186105782418,1.0561153888702393,11.519083023071289
d2_dynamic,20260717,CONTESTED,43001,0.7209367224018046,0.5109405799036106,1.1102737188339233,20.234792709350586
d2_dynamic,20260717,restart,5227,0.7463171991582169,0.43963248822772866,1.2428629398345947,19.216249465942383
d2_dynamic,20260717,switch,11820,0.6658206429780034,0.4119614261644843,1.3907618522644043,17.77187156677246
d2_dynamic,20260717,boundary,5425,0.9706912442396314,0.1768031436176955,9.157330513000488,36.09917068481445
d2_dynamic,20260717,possession_1_3_events,43604,0.7443583157508485,0.5857762760887042,1.3194576501846313,16.78986358642578
d2_dynamic,20260717,possession_4_10_events,39237,0.7791115528710146,0.6132286342602764,1.6993732452392578,16.863811492919922
d2_dynamic,20260717,possession_11plus_events,13683,0.7873273404955053,0.6206056502090055,1.626540184020996,16.181856155395508
d2_dynamic,20260717,pass_heavy_possession,40599,0.7751668760314293,0.5854725874546165,1.1257401704788208,11.46858024597168
v3_j0,20260717,CONTROL,48288,0.6919938701126573,0.1702782842194413,1.052323818206787,11.79118537902832
v3_j0,20260717,CONTESTED,43001,0.4661752052277854,0.3755440743807743,1.1389387845993042,19.700313568115234
v3_j0,20260717,restart,5227,0.5446718959250048,0.3442768294318749,1.2541078329086304,20.353628158569336
v3_j0,20260717,switch,11820,0.46091370558375633,0.3174154618787906,1.4165418148040771,17.676353454589844
v3_j0,20260717,boundary,5425,0.9660829493087557,0.0982748921807613,9.469717979431152,30.403623580932617
v3_j0,20260717,possession_1_3_events,43604,0.5834327125951747,0.4961937817588993,1.3453809022903442,16.40777015686035
v3_j0,20260717,possession_4_10_events,39237,0.6272395952799653,0.5105601080433327,1.7239739894866943,16.51824188232422
v3_j0,20260717,possession_11plus_events,13683,0.6299057224292918,0.530247255309999,1.6708060503005981,15.551421165466309
v3_j0,20260717,pass_heavy_possession,40599,0.6444247395256041,0.48882503893998946,1.137661337852478,11.285792350769043
