configuration,seed,task,age,relative_score,canonical_weight
ap_shared,20260715,event,0,0.0,0.01225459948182106
ap_shared,20260715,event,1,0.6641656756401062,0.023809080943465233
ap_shared,20260715,event,2,1.604386329650879,0.060964252799749374
ap_shared,20260715,event,3,0.6864650845527649,0.024345973506569862
ap_shared,20260715,event,4,0.8711012601852417,0.029282867908477783
ap_shared,20260715,event,5,0.3718695640563965,0.017774606123566628
ap_shared,20260715,event,6,-0.17033284902572632,0.01033533364534378
ap_shared,20260715,event,7,-0.043356671929359436,0.011734634637832642
ap_shared,20260715,event,8,-0.28627529740333557,0.009203888475894928
ap_shared,20260715,event,9,0.591900646686554,0.022149214521050453
ap_shared,20260715,event,10,0.21337760984897614,0.01516938116401434
ap_shared,20260715,event,11,-0.021182388067245483,0.011997747235000134
ap_shared,20260715,event,12,0.4917866587638855,0.020039154216647148
ap_shared,20260715,event,13,-0.8143486976623535,0.005427902098745108
ap_shared,20260715,event,14,0.030910715460777283,0.01263931393623352
ap_shared,20260715,event,15,-0.6324490308761597,0.006510733626782894
ap_shared,20260715,event,16,-0.2783171236515045,0.00927742663770914
ap_shared,20260715,event,17,0.2851130962371826,0.016297543421387672
ap_shared,20260715,event,18,-0.8655365109443665,0.005157050676643848
ap_shared,20260715,event,19,-1.537267804145813,0.0026343425270169973
ap_shared,20260715,event,20,-0.007806748151779175,0.012159302830696106
ap_shared,20260715,event,21,-0.6758020520210266,0.00623450567945838
ap_shared,20260715,event,22,-1.2956470251083374,0.003354337066411972
ap_shared,20260715,event,23,-1.1542019844055176,0.0038639858830720186
ap_shared,20260715,event,24,-0.4175122380256653,0.008071903139352798
ap_shared,20260715,event,25,-0.5349759459495544,0.007177315186709166
ap_shared,20260715,event,26,-0.09908559918403625,0.01109856553375721
ap_shared,20260715,event,27,-0.05795210599899292,0.011564604938030243
ap_shared,20260715,event,28,-0.5614222288131714,0.006989988964051008
ap_shared,20260715,event,29,-0.20738469064235687,0.009959397837519646
ap_shared,20260715,event,30,0.22020895779132843,0.015273361466825008
ap_shared,20260715,event,31,-0.42616426944732666,0.00800236314535141
ap_shared,20260715,event,32,0.0931982547044754,0.013451620936393738
ap_shared,20260715,event,33,0.8610752820968628,0.028990745544433594
ap_shared,20260715,event,34,-0.6907367706298828,0.006142087280750275
ap_shared,20260715,event,35,-0.7270284295082092,0.005923177115619183
ap_shared,20260715,event,36,0.22521771490573883,0.015350055880844593
ap_shared,20260715,event,37,-0.31910812854766846,0.008906605653464794
ap_shared,20260715,event,38,-0.3257356286048889,0.00884777121245861
ap_shared,20260715,event,39,-0.6192061305046082,0.006597528699785471
ap_shared,20260715,event,40,-0.3718108832836151,0.008449357934296131
ap_shared,20260715,event,41,-0.3717968463897705,0.008449476212263107
ap_shared,20260715,event,42,-0.14934217929840088,0.010554572567343712
ap_shared,20260715,event,43,-0.79468834400177,0.005535672884434462
ap_shared,20260715,event,44,0.6703678369522095,0.023957205936312675
ap_shared,20260715,event,45,-0.2213762104511261,0.009821021929383278
ap_shared,20260715,event,46,-0.6119517683982849,0.006645563989877701
ap_shared,20260715,event,47,-0.424716591835022,0.008013957180082798
ap_shared,20260715,event,48,1.0763944387435913,0.035955991595983505
ap_shared,20260715,event,49,-0.1296062171459198,0.010764946229755878
ap_shared,20260715,event,50,0.2778627872467041,0.01617981120944023
ap_shared,20260715,event,51,-1.5586081743240356,0.0025787202175706625
ap_shared,20260715,event,52,-0.11267221719026566,0.010948792099952698
ap_shared,20260715,event,53,-0.5740499496459961,0.0069022770039737225
ap_shared,20260715,event,54,0.31342846155166626,0.01676560938358307
ap_shared,20260715,event,55,0.551799476146698,0.02127857692539692
ap_shared,20260715,event,56,0.2938954830169678,0.016441306099295616
ap_shared,20260715,event,57,-0.04586206376552582,0.01170527096837759
ap_shared,20260715,event,58,0.4720398783683777,0.019647326320409775
ap_shared,20260715,event,59,-0.9821223020553589,0.004589535761624575
ap_shared,20260715,event,60,-0.17707505822181702,0.010265884920954704
ap_shared,20260715,event,61,-0.4798469543457031,0.007584103383123875
ap_shared,20260715,event,62,-1.2648637294769287,0.0034592009615153074
ap_shared,20260715,event,63,-0.8864466547966003,0.005050335079431534
ap_shared,20260715,event,64,0.5326896905899048,0.020875809714198112
ap_shared,20260715,event,65,0.6097847819328308,0.022548895329236984
ap_shared,20260715,event,66,-0.843505322933197,0.0052719274535775185
ap_shared,20260715,event,67,-0.8556064963340759,0.0052085150964558125
ap_shared,20260715,event,68,-0.39314109086990356,0.008271039463579655
ap_shared,20260715,event,69,-0.3465166687965393,0.008665802888572216
ap_shared,20260715,event,70,-0.2518865168094635,0.009525904431939125
ap_shared,20260715,event,71,-0.11165762692689896,0.010959906503558159
ap_shared,20260715,event,72,-0.20504117012023926,0.009982764720916748
ap_shared,20260715,event,73,-0.4640030860900879,0.00770522141829133
ap_shared,20260715,event,74,-0.16464339196681976,0.010394303128123283
ap_shared,20260715,event,75,0.19585706293582916,0.014905918389558792
ap_shared,20260715,event,76,0.2741243243217468,0.01611943542957306
ap_shared,20260715,event,77,0.22259090840816498,0.015309786424040794
ap_shared,20260715,event,78,0.3934633135795593,0.018162604421377182
ap_shared,20260715,event,79,-0.24586787819862366,0.009583409875631332
ap_shared,20260715,time,0,0.0,0.01225459948182106
ap_shared,20260715,time,1,0.6641656756401062,0.023809080943465233
ap_shared,20260715,time,2,1.604386329650879,0.060964252799749374
ap_shared,20260715,time,3,0.6864650845527649,0.024345973506569862
ap_shared,20260715,time,4,0.8711012601852417,0.029282867908477783
ap_shared,20260715,time,5,0.3718695640563965,0.017774606123566628
ap_shared,20260715,time,6,-0.17033284902572632,0.01033533364534378
ap_shared,20260715,time,7,-0.043356671929359436,0.011734634637832642
ap_shared,20260715,time,8,-0.28627529740333557,0.009203888475894928
ap_shared,20260715,time,9,0.591900646686554,0.022149214521050453
ap_shared,20260715,time,10,0.21337760984897614,0.01516938116401434
ap_shared,20260715,time,11,-0.021182388067245483,0.011997747235000134
ap_shared,20260715,time,12,0.4917866587638855,0.020039154216647148
ap_shared,20260715,time,13,-0.8143486976623535,0.005427902098745108
ap_shared,20260715,time,14,0.030910715460777283,0.01263931393623352
ap_shared,20260715,time,15,-0.6324490308761597,0.006510733626782894
ap_shared,20260715,time,16,-0.2783171236515045,0.00927742663770914
ap_shared,20260715,time,17,0.2851130962371826,0.016297543421387672
ap_shared,20260715,time,18,-0.8655365109443665,0.005157050676643848
ap_shared,20260715,time,19,-1.537267804145813,0.0026343425270169973
ap_shared,20260715,time,20,-0.007806748151779175,0.012159302830696106
ap_shared,20260715,time,21,-0.6758020520210266,0.00623450567945838
ap_shared,20260715,time,22,-1.2956470251083374,0.003354337066411972
ap_shared,20260715,time,23,-1.1542019844055176,0.0038639858830720186
ap_shared,20260715,time,24,-0.4175122380256653,0.008071903139352798
ap_shared,20260715,time,25,-0.5349759459495544,0.007177315186709166
ap_shared,20260715,time,26,-0.09908559918403625,0.01109856553375721
ap_shared,20260715,time,27,-0.05795210599899292,0.011564604938030243
ap_shared,20260715,time,28,-0.5614222288131714,0.006989988964051008
ap_shared,20260715,time,29,-0.20738469064235687,0.009959397837519646
ap_shared,20260715,time,30,0.22020895779132843,0.015273361466825008
ap_shared,20260715,time,31,-0.42616426944732666,0.00800236314535141
ap_shared,20260715,time,32,0.0931982547044754,0.013451620936393738
ap_shared,20260715,time,33,0.8610752820968628,0.028990745544433594
ap_shared,20260715,time,34,-0.6907367706298828,0.006142087280750275
ap_shared,20260715,time,35,-0.7270284295082092,0.005923177115619183
ap_shared,20260715,time,36,0.22521771490573883,0.015350055880844593
ap_shared,20260715,time,37,-0.31910812854766846,0.008906605653464794
ap_shared,20260715,time,38,-0.3257356286048889,0.00884777121245861
ap_shared,20260715,time,39,-0.6192061305046082,0.006597528699785471
ap_shared,20260715,time,40,-0.3718108832836151,0.008449357934296131
ap_shared,20260715,time,41,-0.3717968463897705,0.008449476212263107
ap_shared,20260715,time,42,-0.14934217929840088,0.010554572567343712
ap_shared,20260715,time,43,-0.79468834400177,0.005535672884434462
ap_shared,20260715,time,44,0.6703678369522095,0.023957205936312675
ap_shared,20260715,time,45,-0.2213762104511261,0.009821021929383278
ap_shared,20260715,time,46,-0.6119517683982849,0.006645563989877701
ap_shared,20260715,time,47,-0.424716591835022,0.008013957180082798
ap_shared,20260715,time,48,1.0763944387435913,0.035955991595983505
ap_shared,20260715,time,49,-0.1296062171459198,0.010764946229755878
ap_shared,20260715,time,50,0.2778627872467041,0.01617981120944023
ap_shared,20260715,time,51,-1.5586081743240356,0.0025787202175706625
ap_shared,20260715,time,52,-0.11267221719026566,0.010948792099952698
ap_shared,20260715,time,53,-0.5740499496459961,0.0069022770039737225
ap_shared,20260715,time,54,0.31342846155166626,0.01676560938358307
ap_shared,20260715,time,55,0.551799476146698,0.02127857692539692
ap_shared,20260715,time,56,0.2938954830169678,0.016441306099295616
ap_shared,20260715,time,57,-0.04586206376552582,0.01170527096837759
ap_shared,20260715,time,58,0.4720398783683777,0.019647326320409775
ap_shared,20260715,time,59,-0.9821223020553589,0.004589535761624575
ap_shared,20260715,time,60,-0.17707505822181702,0.010265884920954704
ap_shared,20260715,time,61,-0.4798469543457031,0.007584103383123875
ap_shared,20260715,time,62,-1.2648637294769287,0.0034592009615153074
ap_shared,20260715,time,63,-0.8864466547966003,0.005050335079431534
ap_shared,20260715,time,64,0.5326896905899048,0.020875809714198112
ap_shared,20260715,time,65,0.6097847819328308,0.022548895329236984
ap_shared,20260715,time,66,-0.843505322933197,0.0052719274535775185
ap_shared,20260715,time,67,-0.8556064963340759,0.0052085150964558125
ap_shared,20260715,time,68,-0.39314109086990356,0.008271039463579655
ap_shared,20260715,time,69,-0.3465166687965393,0.008665802888572216
ap_shared,20260715,time,70,-0.2518865168094635,0.009525904431939125
ap_shared,20260715,time,71,-0.11165762692689896,0.010959906503558159
ap_shared,20260715,time,72,-0.20504117012023926,0.009982764720916748
ap_shared,20260715,time,73,-0.4640030860900879,0.00770522141829133
ap_shared,20260715,time,74,-0.16464339196681976,0.010394303128123283
ap_shared,20260715,time,75,0.19585706293582916,0.014905918389558792
ap_shared,20260715,time,76,0.2741243243217468,0.01611943542957306
ap_shared,20260715,time,77,0.22259090840816498,0.015309786424040794
ap_shared,20260715,time,78,0.3934633135795593,0.018162604421377182
ap_shared,20260715,time,79,-0.24586787819862366,0.009583409875631332
ap_shared,20260715,position,0,0.0,0.01225459948182106
ap_shared,20260715,position,1,0.6641656756401062,0.023809080943465233
ap_shared,20260715,position,2,1.604386329650879,0.060964252799749374
ap_shared,20260715,position,3,0.6864650845527649,0.024345973506569862
ap_shared,20260715,position,4,0.8711012601852417,0.029282867908477783
ap_shared,20260715,position,5,0.3718695640563965,0.017774606123566628
ap_shared,20260715,position,6,-0.17033284902572632,0.01033533364534378
ap_shared,20260715,position,7,-0.043356671929359436,0.011734634637832642
ap_shared,20260715,position,8,-0.28627529740333557,0.009203888475894928
ap_shared,20260715,position,9,0.591900646686554,0.022149214521050453
ap_shared,20260715,position,10,0.21337760984897614,0.01516938116401434
ap_shared,20260715,position,11,-0.021182388067245483,0.011997747235000134
ap_shared,20260715,position,12,0.4917866587638855,0.020039154216647148
ap_shared,20260715,position,13,-0.8143486976623535,0.005427902098745108
ap_shared,20260715,position,14,0.030910715460777283,0.01263931393623352
ap_shared,20260715,position,15,-0.6324490308761597,0.006510733626782894
ap_shared,20260715,position,16,-0.2783171236515045,0.00927742663770914
ap_shared,20260715,position,17,0.2851130962371826,0.016297543421387672
ap_shared,20260715,position,18,-0.8655365109443665,0.005157050676643848
ap_shared,20260715,position,19,-1.537267804145813,0.0026343425270169973
ap_shared,20260715,position,20,-0.007806748151779175,0.012159302830696106
ap_shared,20260715,position,21,-0.6758020520210266,0.00623450567945838
ap_shared,20260715,position,22,-1.2956470251083374,0.003354337066411972
ap_shared,20260715,position,23,-1.1542019844055176,0.0038639858830720186
ap_shared,20260715,position,24,-0.4175122380256653,0.008071903139352798
ap_shared,20260715,position,25,-0.5349759459495544,0.007177315186709166
ap_shared,20260715,position,26,-0.09908559918403625,0.01109856553375721
ap_shared,20260715,position,27,-0.05795210599899292,0.011564604938030243
ap_shared,20260715,position,28,-0.5614222288131714,0.006989988964051008
ap_shared,20260715,position,29,-0.20738469064235687,0.009959397837519646
ap_shared,20260715,position,30,0.22020895779132843,0.015273361466825008
ap_shared,20260715,position,31,-0.42616426944732666,0.00800236314535141
ap_shared,20260715,position,32,0.0931982547044754,0.013451620936393738
ap_shared,20260715,position,33,0.8610752820968628,0.028990745544433594
ap_shared,20260715,position,34,-0.6907367706298828,0.006142087280750275
ap_shared,20260715,position,35,-0.7270284295082092,0.005923177115619183
ap_shared,20260715,position,36,0.22521771490573883,0.015350055880844593
ap_shared,20260715,position,37,-0.31910812854766846,0.008906605653464794
ap_shared,20260715,position,38,-0.3257356286048889,0.00884777121245861
ap_shared,20260715,position,39,-0.6192061305046082,0.006597528699785471
ap_shared,20260715,position,40,-0.3718108832836151,0.008449357934296131
ap_shared,20260715,position,41,-0.3717968463897705,0.008449476212263107
ap_shared,20260715,position,42,-0.14934217929840088,0.010554572567343712
ap_shared,20260715,position,43,-0.79468834400177,0.005535672884434462
ap_shared,20260715,position,44,0.6703678369522095,0.023957205936312675
ap_shared,20260715,position,45,-0.2213762104511261,0.009821021929383278
ap_shared,20260715,position,46,-0.6119517683982849,0.006645563989877701
ap_shared,20260715,position,47,-0.424716591835022,0.008013957180082798
ap_shared,20260715,position,48,1.0763944387435913,0.035955991595983505
ap_shared,20260715,position,49,-0.1296062171459198,0.010764946229755878
ap_shared,20260715,position,50,0.2778627872467041,0.01617981120944023
ap_shared,20260715,position,51,-1.5586081743240356,0.0025787202175706625
ap_shared,20260715,position,52,-0.11267221719026566,0.010948792099952698
ap_shared,20260715,position,53,-0.5740499496459961,0.0069022770039737225
ap_shared,20260715,position,54,0.31342846155166626,0.01676560938358307
ap_shared,20260715,position,55,0.551799476146698,0.02127857692539692
ap_shared,20260715,position,56,0.2938954830169678,0.016441306099295616
ap_shared,20260715,position,57,-0.04586206376552582,0.01170527096837759
ap_shared,20260715,position,58,0.4720398783683777,0.019647326320409775
ap_shared,20260715,position,59,-0.9821223020553589,0.004589535761624575
ap_shared,20260715,position,60,-0.17707505822181702,0.010265884920954704
ap_shared,20260715,position,61,-0.4798469543457031,0.007584103383123875
ap_shared,20260715,position,62,-1.2648637294769287,0.0034592009615153074
ap_shared,20260715,position,63,-0.8864466547966003,0.005050335079431534
ap_shared,20260715,position,64,0.5326896905899048,0.020875809714198112
ap_shared,20260715,position,65,0.6097847819328308,0.022548895329236984
ap_shared,20260715,position,66,-0.843505322933197,0.0052719274535775185
ap_shared,20260715,position,67,-0.8556064963340759,0.0052085150964558125
ap_shared,20260715,position,68,-0.39314109086990356,0.008271039463579655
ap_shared,20260715,position,69,-0.3465166687965393,0.008665802888572216
ap_shared,20260715,position,70,-0.2518865168094635,0.009525904431939125
ap_shared,20260715,position,71,-0.11165762692689896,0.010959906503558159
ap_shared,20260715,position,72,-0.20504117012023926,0.009982764720916748
ap_shared,20260715,position,73,-0.4640030860900879,0.00770522141829133
ap_shared,20260715,position,74,-0.16464339196681976,0.010394303128123283
ap_shared,20260715,position,75,0.19585706293582916,0.014905918389558792
ap_shared,20260715,position,76,0.2741243243217468,0.01611943542957306
ap_shared,20260715,position,77,0.22259090840816498,0.015309786424040794
ap_shared,20260715,position,78,0.3934633135795593,0.018162604421377182
ap_shared,20260715,position,79,-0.24586787819862366,0.009583409875631332
ap_shared,20260716,event,0,0.0,0.01688910834491253
ap_shared,20260716,event,1,-0.02797168493270874,0.016423236578702927
ap_shared,20260716,event,2,1.1351890563964844,0.05255488306283951
ap_shared,20260716,event,3,1.2837454080581665,0.06097197160124779
ap_shared,20260716,event,4,0.7917271852493286,0.03727773204445839
ap_shared,20260716,event,5,0.2364058792591095,0.02139323391020298
ap_shared,20260716,event,6,-0.016225427389144897,0.01661728508770466
ap_shared,20260716,event,7,-0.7027655243873596,0.008363720029592514
ap_shared,20260716,event,8,-0.01763254404067993,0.016593918204307556
ap_shared,20260716,event,9,-0.25867408514022827,0.013039650395512581
ap_shared,20260716,event,10,0.36230775713920593,0.02426358312368393
ap_shared,20260716,event,11,-0.011909544467926025,0.016689157113432884
ap_shared,20260716,event,12,-1.0313297510147095,0.006021516863256693
ap_shared,20260716,event,13,-1.4177449941635132,0.004091550130397081
ap_shared,20260716,event,14,-0.1538408398628235,0.014480862766504288
ap_shared,20260716,event,15,-0.38445183634757996,0.011498505249619484
ap_shared,20260716,event,16,-0.48516687750816345,0.01039684098213911
ap_shared,20260716,event,17,-0.36236074566841125,0.011755344457924366
ap_shared,20260716,event,18,-1.8617101907730103,0.002624679356813431
ap_shared,20260716,event,19,-2.582127809524536,0.00127703498583287
ap_shared,20260716,event,20,-0.7431098222732544,0.008033008314669132
ap_shared,20260716,event,21,-1.3289868831634521,0.004471311811357737
ap_shared,20260716,event,22,-1.8256163597106934,0.0027211448177695274
ap_shared,20260716,event,23,-0.450803279876709,0.010760323144495487
ap_shared,20260716,event,24,-0.4688992202281952,0.010567355901002884
ap_shared,20260716,event,25,-0.9602832794189453,0.006464886479079723
ap_shared,20260716,event,26,-0.7755908966064453,0.0077762785367667675
ap_shared,20260716,event,27,-0.15235298871994019,0.01450242567807436
ap_shared,20260716,event,28,-0.31718507409095764,0.012298580259084702
ap_shared,20260716,event,29,-2.334756374359131,0.0016354413237422705
ap_shared,20260716,event,30,0.04485142230987549,0.017663853242993355
ap_shared,20260716,event,31,-0.4350641369819641,0.010931020602583885
ap_shared,20260716,event,32,-1.2617671489715576,0.004782204981893301
ap_shared,20260716,event,33,-0.6323482394218445,0.008973902091383934
ap_shared,20260716,event,34,-0.8492039442062378,0.007224405184388161
ap_shared,20260716,event,35,-2.0186290740966797,0.002243505557999015
ap_shared,20260716,event,36,0.08444884419441223,0.018377328291535378
ap_shared,20260716,event,37,-0.8517926931381226,0.007205727510154247
ap_shared,20260716,event,38,-1.0046501159667969,0.0061843316070735455
ap_shared,20260716,event,39,-1.5604145526885986,0.0035475394688546658
ap_shared,20260716,event,40,-0.5802336931228638,0.009453974664211273
ap_shared,20260716,event,41,0.058990031480789185,0.01791536808013916
ap_shared,20260716,event,42,-0.6077839732170105,0.009197068400681019
ap_shared,20260716,event,43,-0.6396965384483337,0.00890820100903511
ap_shared,20260716,event,44,-0.42955103516578674,0.01099145133048296
ap_shared,20260716,event,45,-1.3224397897720337,0.004500682931393385
ap_shared,20260716,event,46,-0.05517774820327759,0.015982449054718018
ap_shared,20260716,event,47,-0.49121665954589844,0.010334132239222527
ap_shared,20260716,event,48,0.502571702003479,0.027917133644223213
ap_shared,20260716,event,49,0.29662349820137024,0.0227210633456707
ap_shared,20260716,event,50,-2.3087334632873535,0.0016785587649792433
ap_shared,20260716,event,51,-1.6175258159637451,0.00335061177611351
ap_shared,20260716,event,52,-0.5476423501968384,0.009767168201506138
ap_shared,20260716,event,53,-2.2567667961120605,0.0017680941382423043
ap_shared,20260716,event,54,0.6115074157714844,0.03113013692200184
ap_shared,20260716,event,55,0.3541257679462433,0.02406587079167366
ap_shared,20260716,event,56,-1.4283716678619385,0.004048300441354513
ap_shared,20260716,event,57,-0.10277706384658813,0.015239516273140907
ap_shared,20260716,event,58,0.09088829159736633,0.01849604956805706
ap_shared,20260716,event,59,-1.6250728368759155,0.003325420431792736
ap_shared,20260716,event,60,-0.47123298048973083,0.010542723350226879
ap_shared,20260716,event,61,-1.229581594467163,0.004938626196235418
ap_shared,20260716,event,62,-0.7190139293670654,0.00822892040014267
ap_shared,20260716,event,63,-0.9423344135284424,0.006581971887499094
ap_shared,20260716,event,64,-1.9852827787399292,0.0023195799440145493
ap_shared,20260716,event,65,-0.12715643644332886,0.014872478321194649
ap_shared,20260716,event,66,-1.1620128154754639,0.005283854901790619
ap_shared,20260716,event,67,-0.9196029901504517,0.006733303889632225
ap_shared,20260716,event,68,-1.2430779933929443,0.004872420337051153
ap_shared,20260716,event,69,-0.24580933153629303,0.013208487071096897
ap_shared,20260716,event,70,-0.4606667459011078,0.010654710233211517
ap_shared,20260716,event,71,-2.530550479888916,0.0013446295633912086
ap_shared,20260716,event,72,0.6119087934494019,0.03114263154566288
ap_shared,20260716,event,73,-1.1907702684402466,0.005134069826453924
ap_shared,20260716,event,74,-1.1871446371078491,0.00515271769836545
ap_shared,20260716,event,75,0.04816541075706482,0.017722487449645996
ap_shared,20260716,event,76,-0.3868926763534546,0.011470473371446133
ap_shared,20260716,event,77,0.3806404769420624,0.02471250295639038
ap_shared,20260716,event,78,0.5856629610061646,0.03033590130507946
ap_shared,20260716,event,79,-1.3523974418640137,0.004367853049188852
ap_shared,20260716,time,0,0.0,0.01688910834491253
ap_shared,20260716,time,1,-0.02797168493270874,0.016423236578702927
ap_shared,20260716,time,2,1.1351890563964844,0.05255488306283951
ap_shared,20260716,time,3,1.2837454080581665,0.06097197160124779
ap_shared,20260716,time,4,0.7917271852493286,0.03727773204445839
ap_shared,20260716,time,5,0.2364058792591095,0.02139323391020298
ap_shared,20260716,time,6,-0.016225427389144897,0.01661728508770466
ap_shared,20260716,time,7,-0.7027655243873596,0.008363720029592514
ap_shared,20260716,time,8,-0.01763254404067993,0.016593918204307556
ap_shared,20260716,time,9,-0.25867408514022827,0.013039650395512581
ap_shared,20260716,time,10,0.36230775713920593,0.02426358312368393
ap_shared,20260716,time,11,-0.011909544467926025,0.016689157113432884
ap_shared,20260716,time,12,-1.0313297510147095,0.006021516863256693
ap_shared,20260716,time,13,-1.4177449941635132,0.004091550130397081
ap_shared,20260716,time,14,-0.1538408398628235,0.014480862766504288
ap_shared,20260716,time,15,-0.38445183634757996,0.011498505249619484
ap_shared,20260716,time,16,-0.48516687750816345,0.01039684098213911
ap_shared,20260716,time,17,-0.36236074566841125,0.011755344457924366
ap_shared,20260716,time,18,-1.8617101907730103,0.002624679356813431
ap_shared,20260716,time,19,-2.582127809524536,0.00127703498583287
ap_shared,20260716,time,20,-0.7431098222732544,0.008033008314669132
ap_shared,20260716,time,21,-1.3289868831634521,0.004471311811357737
ap_shared,20260716,time,22,-1.8256163597106934,0.0027211448177695274
ap_shared,20260716,time,23,-0.450803279876709,0.010760323144495487
ap_shared,20260716,time,24,-0.4688992202281952,0.010567355901002884
ap_shared,20260716,time,25,-0.9602832794189453,0.006464886479079723
ap_shared,20260716,time,26,-0.7755908966064453,0.0077762785367667675
ap_shared,20260716,time,27,-0.15235298871994019,0.01450242567807436
ap_shared,20260716,time,28,-0.31718507409095764,0.012298580259084702
ap_shared,20260716,time,29,-2.334756374359131,0.0016354413237422705
ap_shared,20260716,time,30,0.04485142230987549,0.017663853242993355
ap_shared,20260716,time,31,-0.4350641369819641,0.010931020602583885
ap_shared,20260716,time,32,-1.2617671489715576,0.004782204981893301
ap_shared,20260716,time,33,-0.6323482394218445,0.008973902091383934
ap_shared,20260716,time,34,-0.8492039442062378,0.007224405184388161
ap_shared,20260716,time,35,-2.0186290740966797,0.002243505557999015
ap_shared,20260716,time,36,0.08444884419441223,0.018377328291535378
ap_shared,20260716,time,37,-0.8517926931381226,0.007205727510154247
ap_shared,20260716,time,38,-1.0046501159667969,0.0061843316070735455
ap_shared,20260716,time,39,-1.5604145526885986,0.0035475394688546658
ap_shared,20260716,time,40,-0.5802336931228638,0.009453974664211273
ap_shared,20260716,time,41,0.058990031480789185,0.01791536808013916
ap_shared,20260716,time,42,-0.6077839732170105,0.009197068400681019
ap_shared,20260716,time,43,-0.6396965384483337,0.00890820100903511
ap_shared,20260716,time,44,-0.42955103516578674,0.01099145133048296
ap_shared,20260716,time,45,-1.3224397897720337,0.004500682931393385
ap_shared,20260716,time,46,-0.05517774820327759,0.015982449054718018
ap_shared,20260716,time,47,-0.49121665954589844,0.010334132239222527
ap_shared,20260716,time,48,0.502571702003479,0.027917133644223213
ap_shared,20260716,time,49,0.29662349820137024,0.0227210633456707
ap_shared,20260716,time,50,-2.3087334632873535,0.0016785587649792433
ap_shared,20260716,time,51,-1.6175258159637451,0.00335061177611351
ap_shared,20260716,time,52,-0.5476423501968384,0.009767168201506138
ap_shared,20260716,time,53,-2.2567667961120605,0.0017680941382423043
ap_shared,20260716,time,54,0.6115074157714844,0.03113013692200184
ap_shared,20260716,time,55,0.3541257679462433,0.02406587079167366
ap_shared,20260716,time,56,-1.4283716678619385,0.004048300441354513
ap_shared,20260716,time,57,-0.10277706384658813,0.015239516273140907
ap_shared,20260716,time,58,0.09088829159736633,0.01849604956805706
ap_shared,20260716,time,59,-1.6250728368759155,0.003325420431792736
ap_shared,20260716,time,60,-0.47123298048973083,0.010542723350226879
ap_shared,20260716,time,61,-1.229581594467163,0.004938626196235418
ap_shared,20260716,time,62,-0.7190139293670654,0.00822892040014267
ap_shared,20260716,time,63,-0.9423344135284424,0.006581971887499094
ap_shared,20260716,time,64,-1.9852827787399292,0.0023195799440145493
ap_shared,20260716,time,65,-0.12715643644332886,0.014872478321194649
ap_shared,20260716,time,66,-1.1620128154754639,0.005283854901790619
ap_shared,20260716,time,67,-0.9196029901504517,0.006733303889632225
ap_shared,20260716,time,68,-1.2430779933929443,0.004872420337051153
ap_shared,20260716,time,69,-0.24580933153629303,0.013208487071096897
ap_shared,20260716,time,70,-0.4606667459011078,0.010654710233211517
ap_shared,20260716,time,71,-2.530550479888916,0.0013446295633912086
ap_shared,20260716,time,72,0.6119087934494019,0.03114263154566288
ap_shared,20260716,time,73,-1.1907702684402466,0.005134069826453924
ap_shared,20260716,time,74,-1.1871446371078491,0.00515271769836545
ap_shared,20260716,time,75,0.04816541075706482,0.017722487449645996
ap_shared,20260716,time,76,-0.3868926763534546,0.011470473371446133
ap_shared,20260716,time,77,0.3806404769420624,0.02471250295639038
ap_shared,20260716,time,78,0.5856629610061646,0.03033590130507946
ap_shared,20260716,time,79,-1.3523974418640137,0.004367853049188852
ap_shared,20260716,position,0,0.0,0.01688910834491253
ap_shared,20260716,position,1,-0.02797168493270874,0.016423236578702927
ap_shared,20260716,position,2,1.1351890563964844,0.05255488306283951
ap_shared,20260716,position,3,1.2837454080581665,0.06097197160124779
ap_shared,20260716,position,4,0.7917271852493286,0.03727773204445839
ap_shared,20260716,position,5,0.2364058792591095,0.02139323391020298
ap_shared,20260716,position,6,-0.016225427389144897,0.01661728508770466
ap_shared,20260716,position,7,-0.7027655243873596,0.008363720029592514
ap_shared,20260716,position,8,-0.01763254404067993,0.016593918204307556
ap_shared,20260716,position,9,-0.25867408514022827,0.013039650395512581
ap_shared,20260716,position,10,0.36230775713920593,0.02426358312368393
ap_shared,20260716,position,11,-0.011909544467926025,0.016689157113432884
ap_shared,20260716,position,12,-1.0313297510147095,0.006021516863256693
ap_shared,20260716,position,13,-1.4177449941635132,0.004091550130397081
ap_shared,20260716,position,14,-0.1538408398628235,0.014480862766504288
ap_shared,20260716,position,15,-0.38445183634757996,0.011498505249619484
ap_shared,20260716,position,16,-0.48516687750816345,0.01039684098213911
ap_shared,20260716,position,17,-0.36236074566841125,0.011755344457924366
ap_shared,20260716,position,18,-1.8617101907730103,0.002624679356813431
ap_shared,20260716,position,19,-2.582127809524536,0.00127703498583287
ap_shared,20260716,position,20,-0.7431098222732544,0.008033008314669132
ap_shared,20260716,position,21,-1.3289868831634521,0.004471311811357737
ap_shared,20260716,position,22,-1.8256163597106934,0.0027211448177695274
ap_shared,20260716,position,23,-0.450803279876709,0.010760323144495487
ap_shared,20260716,position,24,-0.4688992202281952,0.010567355901002884
ap_shared,20260716,position,25,-0.9602832794189453,0.006464886479079723
ap_shared,20260716,position,26,-0.7755908966064453,0.0077762785367667675
ap_shared,20260716,position,27,-0.15235298871994019,0.01450242567807436
ap_shared,20260716,position,28,-0.31718507409095764,0.012298580259084702
ap_shared,20260716,position,29,-2.334756374359131,0.0016354413237422705
ap_shared,20260716,position,30,0.04485142230987549,0.017663853242993355
ap_shared,20260716,position,31,-0.4350641369819641,0.010931020602583885
ap_shared,20260716,position,32,-1.2617671489715576,0.004782204981893301
ap_shared,20260716,position,33,-0.6323482394218445,0.008973902091383934
ap_shared,20260716,position,34,-0.8492039442062378,0.007224405184388161
ap_shared,20260716,position,35,-2.0186290740966797,0.002243505557999015
ap_shared,20260716,position,36,0.08444884419441223,0.018377328291535378
ap_shared,20260716,position,37,-0.8517926931381226,0.007205727510154247
ap_shared,20260716,position,38,-1.0046501159667969,0.0061843316070735455
ap_shared,20260716,position,39,-1.5604145526885986,0.0035475394688546658
ap_shared,20260716,position,40,-0.5802336931228638,0.009453974664211273
ap_shared,20260716,position,41,0.058990031480789185,0.01791536808013916
ap_shared,20260716,position,42,-0.6077839732170105,0.009197068400681019
ap_shared,20260716,position,43,-0.6396965384483337,0.00890820100903511
ap_shared,20260716,position,44,-0.42955103516578674,0.01099145133048296
ap_shared,20260716,position,45,-1.3224397897720337,0.004500682931393385
ap_shared,20260716,position,46,-0.05517774820327759,0.015982449054718018
ap_shared,20260716,position,47,-0.49121665954589844,0.010334132239222527
ap_shared,20260716,position,48,0.502571702003479,0.027917133644223213
ap_shared,20260716,position,49,0.29662349820137024,0.0227210633456707
ap_shared,20260716,position,50,-2.3087334632873535,0.0016785587649792433
ap_shared,20260716,position,51,-1.6175258159637451,0.00335061177611351
ap_shared,20260716,position,52,-0.5476423501968384,0.009767168201506138
ap_shared,20260716,position,53,-2.2567667961120605,0.0017680941382423043
ap_shared,20260716,position,54,0.6115074157714844,0.03113013692200184
ap_shared,20260716,position,55,0.3541257679462433,0.02406587079167366
ap_shared,20260716,position,56,-1.4283716678619385,0.004048300441354513
ap_shared,20260716,position,57,-0.10277706384658813,0.015239516273140907
ap_shared,20260716,position,58,0.09088829159736633,0.01849604956805706
ap_shared,20260716,position,59,-1.6250728368759155,0.003325420431792736
ap_shared,20260716,position,60,-0.47123298048973083,0.010542723350226879
ap_shared,20260716,position,61,-1.229581594467163,0.004938626196235418
ap_shared,20260716,position,62,-0.7190139293670654,0.00822892040014267
ap_shared,20260716,position,63,-0.9423344135284424,0.006581971887499094
ap_shared,20260716,position,64,-1.9852827787399292,0.0023195799440145493
ap_shared,20260716,position,65,-0.12715643644332886,0.014872478321194649
ap_shared,20260716,position,66,-1.1620128154754639,0.005283854901790619
ap_shared,20260716,position,67,-0.9196029901504517,0.006733303889632225
ap_shared,20260716,position,68,-1.2430779933929443,0.004872420337051153
ap_shared,20260716,position,69,-0.24580933153629303,0.013208487071096897
ap_shared,20260716,position,70,-0.4606667459011078,0.010654710233211517
ap_shared,20260716,position,71,-2.530550479888916,0.0013446295633912086
ap_shared,20260716,position,72,0.6119087934494019,0.03114263154566288
ap_shared,20260716,position,73,-1.1907702684402466,0.005134069826453924
ap_shared,20260716,position,74,-1.1871446371078491,0.00515271769836545
ap_shared,20260716,position,75,0.04816541075706482,0.017722487449645996
ap_shared,20260716,position,76,-0.3868926763534546,0.011470473371446133
ap_shared,20260716,position,77,0.3806404769420624,0.02471250295639038
ap_shared,20260716,position,78,0.5856629610061646,0.03033590130507946
ap_shared,20260716,position,79,-1.3523974418640137,0.004367853049188852
ap_shared,20260717,event,0,0.0,0.008798793889582157
ap_shared,20260717,event,1,2.0815091133117676,0.07053603231906891
ap_shared,20260717,event,2,2.2989258766174316,0.08766654878854752
ap_shared,20260717,event,3,1.7871575355529785,0.052550364285707474
ap_shared,20260717,event,4,1.693045973777771,0.047830358147621155
ap_shared,20260717,event,5,0.7601980566978455,0.018817977979779243
ap_shared,20260717,event,6,-0.7278244495391846,0.004249452147632837
ap_shared,20260717,event,7,0.4715835452079773,0.014100329019129276
ap_shared,20260717,event,8,1.2514921426773071,0.030756663531064987
ap_shared,20260717,event,9,0.4936813712120056,0.014415385201573372
ap_shared,20260717,event,10,0.995135486125946,0.023801535367965698
ap_shared,20260717,event,11,0.30563884973526,0.011944291181862354
ap_shared,20260717,event,12,1.3435962200164795,0.03372403234243393
ap_shared,20260717,event,13,-0.9710425138473511,0.003331997897475958
ap_shared,20260717,event,14,-0.9918875694274902,0.0032632609363645315
ap_shared,20260717,event,15,-0.370503306388855,0.0060745710507035255
ap_shared,20260717,event,16,0.7370584011077881,0.018387533724308014
ap_shared,20260717,event,17,0.46124476194381714,0.013955299742519855
ap_shared,20260717,event,18,0.14140675961971283,0.010135268792510033
ap_shared,20260717,event,19,-1.0260952711105347,0.003153520403429866
ap_shared,20260717,event,20,-1.2581491470336914,0.00250043673440814
ap_shared,20260717,event,21,-0.7602089047431946,0.0041140406392514706
ap_shared,20260717,event,22,-1.152595043182373,0.002778800670057535
ap_shared,20260717,event,23,-1.0521758794784546,0.0030723370146006346
ap_shared,20260717,event,24,-0.24869126081466675,0.006861480884253979
ap_shared,20260717,event,25,0.21907012164592743,0.010953782126307487
ap_shared,20260717,event,26,-1.270530104637146,0.0024696695618331432
ap_shared,20260717,event,27,0.6263726949691772,0.01646089181303978
ap_shared,20260717,event,28,0.08552271127700806,0.009584404528141022
ap_shared,20260717,event,29,-0.0655585452914238,0.008240459486842155
ap_shared,20260717,event,30,0.01650974154472351,0.008945263922214508
ap_shared,20260717,event,31,0.5802709460258484,0.01571924239397049
ap_shared,20260717,event,32,-0.7359392046928406,0.004215109162032604
ap_shared,20260717,event,33,-0.7563578486442566,0.004129915032535791
ap_shared,20260717,event,34,0.421806275844574,0.013415636494755745
ap_shared,20260717,event,35,-0.8871873021125793,0.0036234522704035044
ap_shared,20260717,event,36,0.25447142124176025,0.011348506435751915
ap_shared,20260717,event,37,0.17522071301937103,0.010483842343091965
ap_shared,20260717,event,38,-1.6400810480117798,0.0017066521104425192
ap_shared,20260717,event,39,-0.293234646320343,0.006562554277479649
ap_shared,20260717,event,40,-0.8811274170875549,0.003645476885139942
ap_shared,20260717,event,41,0.5001932382583618,0.014509562402963638
ap_shared,20260717,event,42,-1.067841649055481,0.003024582052603364
ap_shared,20260717,event,43,-1.0225086212158203,0.0031648508738726377
ap_shared,20260717,event,44,-0.7739000916481018,0.004058098420500755
ap_shared,20260717,event,45,-0.019829161465168,0.008626040071249008
ap_shared,20260717,event,46,-1.1125744581222534,0.002892265096306801
ap_shared,20260717,event,47,-0.9309451580047607,0.0034683167468756437
ap_shared,20260717,event,48,1.5776277780532837,0.04261653497815132
ap_shared,20260717,event,49,-0.005607597529888153,0.008749590255320072
ap_shared,20260717,event,50,-1.0715526342391968,0.003013378707692027
ap_shared,20260717,event,51,-0.10145303606987,0.007949916645884514
ap_shared,20260717,event,52,0.3801797032356262,0.012868652120232582
ap_shared,20260717,event,53,0.02828221023082733,0.009051194414496422
ap_shared,20260717,event,54,-0.2189704179763794,0.007068471517413855
ap_shared,20260717,event,55,1.1266549825668335,0.0271470807492733
ap_shared,20260717,event,56,0.12919026613235474,0.010012203827500343
ap_shared,20260717,event,57,-0.11951235681772232,0.007807635702192783
ap_shared,20260717,event,58,0.31405913829803467,0.01204528845846653
ap_shared,20260717,event,59,-0.583047091960907,0.00491144135594368
ap_shared,20260717,event,60,0.15806512534618378,0.010305519215762615
ap_shared,20260717,event,61,-0.20245206356048584,0.0071862004697322845
ap_shared,20260717,event,62,-2.2566654682159424,0.000921224826015532
ap_shared,20260717,event,63,-1.7748463153839111,0.0014914785278961062
ap_shared,20260717,event,64,-0.09835794568061829,0.007974561303853989
ap_shared,20260717,event,65,-1.0770771503448486,0.0029967771843075752
ap_shared,20260717,event,66,-0.09548494219779968,0.007997504435479641
ap_shared,20260717,event,67,-0.20872652530670166,0.00714125158265233
ap_shared,20260717,event,68,-1.5453170537948608,0.0018762917025014758
ap_shared,20260717,event,69,0.9049339890480042,0.021748581901192665
ap_shared,20260717,event,70,-0.061716288328170776,0.008272181265056133
ap_shared,20260717,event,71,0.29205751419067383,0.011783167719841003
ap_shared,20260717,event,72,0.8133565187454224,0.019845379516482353
ap_shared,20260717,event,73,-1.0378355979919434,0.0031167129054665565
ap_shared,20260717,event,74,-0.517910361289978,0.00524200638756156
ap_shared,20260717,event,75,-0.6054897904396057,0.00480244355276227
ap_shared,20260717,event,76,0.46973150968551636,0.014074239879846573
ap_shared,20260717,event,77,0.8370658159255981,0.020321521908044815
ap_shared,20260717,event,78,0.5456215739250183,0.015183908864855766
ap_shared,20260717,event,79,-0.31695061922073364,0.0064087482169270515
ap_shared,20260717,time,0,0.0,0.008798793889582157
ap_shared,20260717,time,1,2.0815091133117676,0.07053603231906891
ap_shared,20260717,time,2,2.2989258766174316,0.08766654878854752
ap_shared,20260717,time,3,1.7871575355529785,0.052550364285707474
ap_shared,20260717,time,4,1.693045973777771,0.047830358147621155
ap_shared,20260717,time,5,0.7601980566978455,0.018817977979779243
ap_shared,20260717,time,6,-0.7278244495391846,0.004249452147632837
ap_shared,20260717,time,7,0.4715835452079773,0.014100329019129276
ap_shared,20260717,time,8,1.2514921426773071,0.030756663531064987
ap_shared,20260717,time,9,0.4936813712120056,0.014415385201573372
ap_shared,20260717,time,10,0.995135486125946,0.023801535367965698
ap_shared,20260717,time,11,0.30563884973526,0.011944291181862354
ap_shared,20260717,time,12,1.3435962200164795,0.03372403234243393
ap_shared,20260717,time,13,-0.9710425138473511,0.003331997897475958
ap_shared,20260717,time,14,-0.9918875694274902,0.0032632609363645315
ap_shared,20260717,time,15,-0.370503306388855,0.0060745710507035255
ap_shared,20260717,time,16,0.7370584011077881,0.018387533724308014
ap_shared,20260717,time,17,0.46124476194381714,0.013955299742519855
ap_shared,20260717,time,18,0.14140675961971283,0.010135268792510033
ap_shared,20260717,time,19,-1.0260952711105347,0.003153520403429866
ap_shared,20260717,time,20,-1.2581491470336914,0.00250043673440814
ap_shared,20260717,time,21,-0.7602089047431946,0.0041140406392514706
ap_shared,20260717,time,22,-1.152595043182373,0.002778800670057535
ap_shared,20260717,time,23,-1.0521758794784546,0.0030723370146006346
ap_shared,20260717,time,24,-0.24869126081466675,0.006861480884253979
ap_shared,20260717,time,25,0.21907012164592743,0.010953782126307487
ap_shared,20260717,time,26,-1.270530104637146,0.0024696695618331432
ap_shared,20260717,time,27,0.6263726949691772,0.01646089181303978
ap_shared,20260717,time,28,0.08552271127700806,0.009584404528141022
ap_shared,20260717,time,29,-0.0655585452914238,0.008240459486842155
ap_shared,20260717,time,30,0.01650974154472351,0.008945263922214508
ap_shared,20260717,time,31,0.5802709460258484,0.01571924239397049
ap_shared,20260717,time,32,-0.7359392046928406,0.004215109162032604
ap_shared,20260717,time,33,-0.7563578486442566,0.004129915032535791
ap_shared,20260717,time,34,0.421806275844574,0.013415636494755745
ap_shared,20260717,time,35,-0.8871873021125793,0.0036234522704035044
ap_shared,20260717,time,36,0.25447142124176025,0.011348506435751915
ap_shared,20260717,time,37,0.17522071301937103,0.010483842343091965
ap_shared,20260717,time,38,-1.6400810480117798,0.0017066521104425192
ap_shared,20260717,time,39,-0.293234646320343,0.006562554277479649
ap_shared,20260717,time,40,-0.8811274170875549,0.003645476885139942
ap_shared,20260717,time,41,0.5001932382583618,0.014509562402963638
ap_shared,20260717,time,42,-1.067841649055481,0.003024582052603364
ap_shared,20260717,time,43,-1.0225086212158203,0.0031648508738726377
ap_shared,20260717,time,44,-0.7739000916481018,0.004058098420500755
ap_shared,20260717,time,45,-0.019829161465168,0.008626040071249008
ap_shared,20260717,time,46,-1.1125744581222534,0.002892265096306801
ap_shared,20260717,time,47,-0.9309451580047607,0.0034683167468756437
ap_shared,20260717,time,48,1.5776277780532837,0.04261653497815132
ap_shared,20260717,time,49,-0.005607597529888153,0.008749590255320072
ap_shared,20260717,time,50,-1.0715526342391968,0.003013378707692027
ap_shared,20260717,time,51,-0.10145303606987,0.007949916645884514
ap_shared,20260717,time,52,0.3801797032356262,0.012868652120232582
ap_shared,20260717,time,53,0.02828221023082733,0.009051194414496422
ap_shared,20260717,time,54,-0.2189704179763794,0.007068471517413855
ap_shared,20260717,time,55,1.1266549825668335,0.0271470807492733
ap_shared,20260717,time,56,0.12919026613235474,0.010012203827500343
ap_shared,20260717,time,57,-0.11951235681772232,0.007807635702192783
ap_shared,20260717,time,58,0.31405913829803467,0.01204528845846653
ap_shared,20260717,time,59,-0.583047091960907,0.00491144135594368
ap_shared,20260717,time,60,0.15806512534618378,0.010305519215762615
ap_shared,20260717,time,61,-0.20245206356048584,0.0071862004697322845
ap_shared,20260717,time,62,-2.2566654682159424,0.000921224826015532
ap_shared,20260717,time,63,-1.7748463153839111,0.0014914785278961062
ap_shared,20260717,time,64,-0.09835794568061829,0.007974561303853989
ap_shared,20260717,time,65,-1.0770771503448486,0.0029967771843075752
ap_shared,20260717,time,66,-0.09548494219779968,0.007997504435479641
ap_shared,20260717,time,67,-0.20872652530670166,0.00714125158265233
ap_shared,20260717,time,68,-1.5453170537948608,0.0018762917025014758
ap_shared,20260717,time,69,0.9049339890480042,0.021748581901192665
ap_shared,20260717,time,70,-0.061716288328170776,0.008272181265056133
ap_shared,20260717,time,71,0.29205751419067383,0.011783167719841003
ap_shared,20260717,time,72,0.8133565187454224,0.019845379516482353
ap_shared,20260717,time,73,-1.0378355979919434,0.0031167129054665565
ap_shared,20260717,time,74,-0.517910361289978,0.00524200638756156
ap_shared,20260717,time,75,-0.6054897904396057,0.00480244355276227
ap_shared,20260717,time,76,0.46973150968551636,0.014074239879846573
ap_shared,20260717,time,77,0.8370658159255981,0.020321521908044815
ap_shared,20260717,time,78,0.5456215739250183,0.015183908864855766
ap_shared,20260717,time,79,-0.31695061922073364,0.0064087482169270515
ap_shared,20260717,position,0,0.0,0.008798793889582157
ap_shared,20260717,position,1,2.0815091133117676,0.07053603231906891
ap_shared,20260717,position,2,2.2989258766174316,0.08766654878854752
ap_shared,20260717,position,3,1.7871575355529785,0.052550364285707474
ap_shared,20260717,position,4,1.693045973777771,0.047830358147621155
ap_shared,20260717,position,5,0.7601980566978455,0.018817977979779243
ap_shared,20260717,position,6,-0.7278244495391846,0.004249452147632837
ap_shared,20260717,position,7,0.4715835452079773,0.014100329019129276
ap_shared,20260717,position,8,1.2514921426773071,0.030756663531064987
ap_shared,20260717,position,9,0.4936813712120056,0.014415385201573372
ap_shared,20260717,position,10,0.995135486125946,0.023801535367965698
ap_shared,20260717,position,11,0.30563884973526,0.011944291181862354
ap_shared,20260717,position,12,1.3435962200164795,0.03372403234243393
ap_shared,20260717,position,13,-0.9710425138473511,0.003331997897475958
ap_shared,20260717,position,14,-0.9918875694274902,0.0032632609363645315
ap_shared,20260717,position,15,-0.370503306388855,0.0060745710507035255
ap_shared,20260717,position,16,0.7370584011077881,0.018387533724308014
ap_shared,20260717,position,17,0.46124476194381714,0.013955299742519855
ap_shared,20260717,position,18,0.14140675961971283,0.010135268792510033
ap_shared,20260717,position,19,-1.0260952711105347,0.003153520403429866
ap_shared,20260717,position,20,-1.2581491470336914,0.00250043673440814
ap_shared,20260717,position,21,-0.7602089047431946,0.0041140406392514706
ap_shared,20260717,position,22,-1.152595043182373,0.002778800670057535
ap_shared,20260717,position,23,-1.0521758794784546,0.0030723370146006346
ap_shared,20260717,position,24,-0.24869126081466675,0.006861480884253979
ap_shared,20260717,position,25,0.21907012164592743,0.010953782126307487
ap_shared,20260717,position,26,-1.270530104637146,0.0024696695618331432
ap_shared,20260717,position,27,0.6263726949691772,0.01646089181303978
ap_shared,20260717,position,28,0.08552271127700806,0.009584404528141022
ap_shared,20260717,position,29,-0.0655585452914238,0.008240459486842155
ap_shared,20260717,position,30,0.01650974154472351,0.008945263922214508
ap_shared,20260717,position,31,0.5802709460258484,0.01571924239397049
ap_shared,20260717,position,32,-0.7359392046928406,0.004215109162032604
ap_shared,20260717,position,33,-0.7563578486442566,0.004129915032535791
ap_shared,20260717,position,34,0.421806275844574,0.013415636494755745
ap_shared,20260717,position,35,-0.8871873021125793,0.0036234522704035044
ap_shared,20260717,position,36,0.25447142124176025,0.011348506435751915
ap_shared,20260717,position,37,0.17522071301937103,0.010483842343091965
ap_shared,20260717,position,38,-1.6400810480117798,0.0017066521104425192
ap_shared,20260717,position,39,-0.293234646320343,0.006562554277479649
ap_shared,20260717,position,40,-0.8811274170875549,0.003645476885139942
ap_shared,20260717,position,41,0.5001932382583618,0.014509562402963638
ap_shared,20260717,position,42,-1.067841649055481,0.003024582052603364
ap_shared,20260717,position,43,-1.0225086212158203,0.0031648508738726377
ap_shared,20260717,position,44,-0.7739000916481018,0.004058098420500755
ap_shared,20260717,position,45,-0.019829161465168,0.008626040071249008
ap_shared,20260717,position,46,-1.1125744581222534,0.002892265096306801
ap_shared,20260717,position,47,-0.9309451580047607,0.0034683167468756437
ap_shared,20260717,position,48,1.5776277780532837,0.04261653497815132
ap_shared,20260717,position,49,-0.005607597529888153,0.008749590255320072
ap_shared,20260717,position,50,-1.0715526342391968,0.003013378707692027
ap_shared,20260717,position,51,-0.10145303606987,0.007949916645884514
ap_shared,20260717,position,52,0.3801797032356262,0.012868652120232582
ap_shared,20260717,position,53,0.02828221023082733,0.009051194414496422
ap_shared,20260717,position,54,-0.2189704179763794,0.007068471517413855
ap_shared,20260717,position,55,1.1266549825668335,0.0271470807492733
ap_shared,20260717,position,56,0.12919026613235474,0.010012203827500343
ap_shared,20260717,position,57,-0.11951235681772232,0.007807635702192783
ap_shared,20260717,position,58,0.31405913829803467,0.01204528845846653
ap_shared,20260717,position,59,-0.583047091960907,0.00491144135594368
ap_shared,20260717,position,60,0.15806512534618378,0.010305519215762615
ap_shared,20260717,position,61,-0.20245206356048584,0.0071862004697322845
ap_shared,20260717,position,62,-2.2566654682159424,0.000921224826015532
ap_shared,20260717,position,63,-1.7748463153839111,0.0014914785278961062
ap_shared,20260717,position,64,-0.09835794568061829,0.007974561303853989
ap_shared,20260717,position,65,-1.0770771503448486,0.0029967771843075752
ap_shared,20260717,position,66,-0.09548494219779968,0.007997504435479641
ap_shared,20260717,position,67,-0.20872652530670166,0.00714125158265233
ap_shared,20260717,position,68,-1.5453170537948608,0.0018762917025014758
ap_shared,20260717,position,69,0.9049339890480042,0.021748581901192665
ap_shared,20260717,position,70,-0.061716288328170776,0.008272181265056133
ap_shared,20260717,position,71,0.29205751419067383,0.011783167719841003
ap_shared,20260717,position,72,0.8133565187454224,0.019845379516482353
ap_shared,20260717,position,73,-1.0378355979919434,0.0031167129054665565
ap_shared,20260717,position,74,-0.517910361289978,0.00524200638756156
ap_shared,20260717,position,75,-0.6054897904396057,0.00480244355276227
ap_shared,20260717,position,76,0.46973150968551636,0.014074239879846573
ap_shared,20260717,position,77,0.8370658159255981,0.020321521908044815
ap_shared,20260717,position,78,0.5456215739250183,0.015183908864855766
ap_shared,20260717,position,79,-0.31695061922073364,0.0064087482169270515
ap_task,20260715,event,0,0.0,0.06268643587827682
ap_task,20260715,event,1,0.07608532905578613,0.06764208525419235
ap_task,20260715,event,2,0.6904114484786987,0.12503033876419067
ap_task,20260715,event,3,-0.18770074844360352,0.051958441734313965
ap_task,20260715,event,4,-0.36942028999328613,0.043324775993824005
ap_task,20260715,event,5,-1.433807134628296,0.014944419264793396
ap_task,20260715,event,6,-2.0619394779205322,0.007974155247211456
ap_task,20260715,event,7,-2.136482000350952,0.007401354610919952
ap_task,20260715,event,8,-2.2113301753997803,0.00686760013923049
ap_task,20260715,event,9,-1.2543256282806396,0.017882442101836205
ap_task,20260715,event,10,-1.8410712480545044,0.00994503777474165
ap_task,20260715,event,11,-0.8272783756256104,0.027408868074417114
ap_task,20260715,event,12,-1.526430368423462,0.013622386381030083
ap_task,20260715,event,13,-3.0037972927093506,0.003109145211055875
ap_task,20260715,event,14,-1.418581247329712,0.01517370156943798
ap_task,20260715,event,15,-2.708427906036377,0.004177516791969538
ap_task,20260715,event,16,-1.769481897354126,0.010683098807930946
ap_task,20260715,event,17,-2.0574586391448975,0.008009965531527996
ap_task,20260715,event,18,-2.5869529247283936,0.004717090632766485
ap_task,20260715,event,19,-4.744819641113281,0.0005451606120914221
ap_task,20260715,event,20,-2.3555662631988525,0.005945168435573578
ap_task,20260715,event,21,-4.9688920974731445,0.0004357235739007592
ap_task,20260715,event,22,-4.2684221267700195,0.0008778520277701318
ap_task,20260715,event,23,-4.954263210296631,0.00044214457739144564
ap_task,20260715,event,24,-1.8271453380584717,0.010084498673677444
ap_task,20260715,event,25,-2.4560303688049316,0.005376914516091347
ap_task,20260715,event,26,-2.790835380554199,0.0038470609579235315
ap_task,20260715,event,27,-1.6609127521514893,0.011908258311450481
ap_task,20260715,event,28,-3.047273874282837,0.002976866438984871
ap_task,20260715,event,29,-2.643268346786499,0.00445878691971302
ap_task,20260715,event,30,-1.0736560821533203,0.02142350934445858
ap_task,20260715,event,31,-2.4910707473754883,0.005191766656935215
ap_task,20260715,event,32,-2.521268129348755,0.005037333816289902
ap_task,20260715,event,33,-1.1003177165985107,0.020859867334365845
ap_task,20260715,event,34,-3.6039786338806152,0.0017060252139344811
ap_task,20260715,event,35,-3.66465163230896,0.0016055935993790627
ap_task,20260715,event,36,-1.1760923862457275,0.019337620586156845
ap_task,20260715,event,37,-2.981555223464966,0.0031790737994015217
ap_task,20260715,event,38,-3.627275228500366,0.0016667403979226947
ap_task,20260715,event,39,-2.7983739376068115,0.003818169701844454
ap_task,20260715,event,40,-1.6207573413848877,0.012396172620356083
ap_task,20260715,event,41,-2.978850841522217,0.0031876820139586926
ap_task,20260715,event,42,-1.395092487335205,0.01553433295339346
ap_task,20260715,event,43,-3.4395222663879395,0.0020109808538109064
ap_task,20260715,event,44,-1.5150684118270874,0.01377804670482874
ap_task,20260715,event,45,-2.308276653289795,0.006233065389096737
ap_task,20260715,event,46,-3.287872314453125,0.0023402846418321133
ap_task,20260715,event,47,-2.678675889968872,0.004303674679249525
ap_task,20260715,event,48,-0.01262366771697998,0.061900071799755096
ap_task,20260715,event,49,-2.5078699588775635,0.005105277989059687
ap_task,20260715,event,50,-2.361452102661133,0.0059102787636220455
ap_task,20260715,event,51,-4.852581024169922,0.0004894679877907038
ap_task,20260715,event,52,-1.9054752588272095,0.009324727579951286
ap_task,20260715,event,53,-2.1496174335479736,0.00730476900935173
ap_task,20260715,event,54,-1.3512773513793945,0.01623009890317917
ap_task,20260715,event,55,-3.1265978813171387,0.0027498523704707623
ap_task,20260715,event,56,-1.5398712158203125,0.013440514914691448
ap_task,20260715,event,57,-2.128528118133545,0.007460457738488913
ap_task,20260715,event,58,-0.8316549062728882,0.027289176359772682
ap_task,20260715,event,59,-4.445887565612793,0.0007351043750531971
ap_task,20260715,event,60,-1.9321215152740479,0.009079540148377419
ap_task,20260715,event,61,-2.9790353775024414,0.003187093883752823
ap_task,20260715,event,62,-3.9510498046875,0.0012057418935000896
ap_task,20260715,event,63,-2.769388198852539,0.003930460661649704
ap_task,20260715,event,64,-1.330561637878418,0.016569824889302254
ap_task,20260715,event,65,-1.384119987487793,0.015705717727541924
ap_task,20260715,event,66,-3.1658105850219727,0.0026441095396876335
ap_task,20260715,event,67,-2.837512969970703,0.0036716158501803875
ap_task,20260715,event,68,-3.6518683433532715,0.001626249635592103
ap_task,20260715,event,69,-2.4182498455047607,0.005583943799138069
ap_task,20260715,event,70,-3.1546645164489746,0.0026737465523183346
ap_task,20260715,event,71,-2.202179193496704,0.006930734030902386
ap_task,20260715,event,72,-2.3591983318328857,0.0059236143715679646
ap_task,20260715,event,73,-2.40653133392334,0.0056497626937925816
ap_task,20260715,event,74,-1.9929215908050537,0.008543948642909527
ap_task,20260715,event,75,-1.5320429801940918,0.013546142727136612
ap_task,20260715,event,76,-2.3008980751037598,0.006279228255152702
ap_task,20260715,event,77,-1.467426061630249,0.014450355432927608
ap_task,20260715,event,78,-1.1379096508026123,0.020090263336896896
ap_task,20260715,event,79,-3.6069729328155518,0.0017009249422699213
ap_task,20260715,time,0,0.0,0.11959533393383026
ap_task,20260715,time,1,-0.057250022888183594,0.11294081062078476
ap_task,20260715,time,2,0.3670003414154053,0.17262370884418488
ap_task,20260715,time,3,-0.5607519149780273,0.06826259940862656
ap_task,20260715,time,4,-1.0203676223754883,0.04310962185263634
ap_task,20260715,time,5,-2.2810611724853516,0.012219739146530628
ap_task,20260715,time,6,-3.237412929534912,0.004695952404290438
ap_task,20260715,time,7,-3.204169273376465,0.0048546870239079
ap_task,20260715,time,8,-3.4937403202056885,0.00363414385356009
ap_task,20260715,time,9,-2.1366629600524902,0.014118004590272903
ap_task,20260715,time,10,-3.135164976119995,0.005201509688049555
ap_task,20260715,time,11,-1.2561606168746948,0.034054193645715714
ap_task,20260715,time,12,-2.5160717964172363,0.009660467505455017
ap_task,20260715,time,13,-4.466165065765381,0.0013743061572313309
ap_task,20260715,time,14,-2.343501329421997,0.01148007158190012
ap_task,20260715,time,15,-4.0332417488098145,0.0021188464015722275
ap_task,20260715,time,16,-2.726480722427368,0.00782742165029049
ap_task,20260715,time,17,-2.9779205322265625,0.006087230984121561
ap_task,20260715,time,18,-3.8311502933502197,0.002593383891507983
ap_task,20260715,time,19,-6.641028881072998,0.00015615364827681333
ap_task,20260715,time,20,-3.582911491394043,0.0033241109922528267
ap_task,20260715,time,21,-7.043422698974609,0.00010442260827403516
ap_task,20260715,time,22,-6.028156280517578,0.0002882166882045567
ap_task,20260715,time,23,-6.710231304168701,0.00014571288193110377
ap_task,20260715,time,24,-2.788174629211426,0.007359111215919256
ap_task,20260715,time,25,-3.6155285835266113,0.0032174373045563698
ap_task,20260715,time,26,-4.045742988586426,0.00209252443164587
ap_task,20260715,time,27,-2.671966075897217,0.00826597586274147
ap_task,20260715,time,28,-4.43475866317749,0.0014181524747982621
ap_task,20260715,time,29,-4.004513263702393,0.0021806005388498306
ap_task,20260715,time,30,-1.9985591173171997,0.01620880328118801
ap_task,20260715,time,31,-4.0372161865234375,0.002110443077981472
ap_task,20260715,time,32,-3.8636903762817383,0.0025103536900132895
ap_task,20260715,time,33,-1.9861234426498413,0.016411634162068367
ap_task,20260715,time,34,-4.980980396270752,0.0008212999673560262
ap_task,20260715,time,35,-5.310256004333496,0.0005908802268095315
ap_task,20260715,time,36,-2.0996360778808594,0.01465054415166378
ap_task,20260715,time,37,-4.406214714050293,0.0014592161169275641
ap_task,20260715,time,38,-5.091144561767578,0.0007356281857937574
ap_task,20260715,time,39,-4.256446838378906,0.0016949729761108756
ap_task,20260715,time,40,-2.5319628715515137,0.009508165530860424
ap_task,20260715,time,41,-4.540925979614258,0.0012753078481182456
ap_task,20260715,time,42,-2.3439669609069824,0.011474725790321827
ap_task,20260715,time,43,-5.084602355957031,0.0007404565694741905
ap_task,20260715,time,44,-2.390597105026245,0.010951940901577473
ap_task,20260715,time,45,-3.5535032749176025,0.0034233189653605223
ap_task,20260715,time,46,-4.9656982421875,0.0008339476189576089
ap_task,20260715,time,47,-4.141622066497803,0.0019012127304449677
ap_task,20260715,time,48,-0.6000752449035645,0.06563037633895874
ap_task,20260715,time,49,-3.6404924392700195,0.003138112835586071
ap_task,20260715,time,50,-3.598024845123291,0.0032742496114224195
ap_task,20260715,time,51,-6.773701190948486,0.0001367518852930516
ap_task,20260715,time,52,-2.9081459045410156,0.0065271323546767235
ap_task,20260715,time,53,-3.279717445373535,0.0045014359056949615
ap_task,20260715,time,54,-2.14813232421875,0.013957004994153976
ap_task,20260715,time,55,-4.5085062980651855,0.001317330403253436
ap_task,20260715,time,56,-2.601119041442871,0.00887283869087696
ap_task,20260715,time,57,-3.243741035461426,0.004666329827159643
ap_task,20260715,time,58,-1.680695652961731,0.02227395586669445
ap_task,20260715,time,59,-6.173084259033203,0.0002493319334462285
ap_task,20260715,time,60,-3.0044772624969482,0.005927701946347952
ap_task,20260715,time,61,-4.499051570892334,0.0013298451667651534
ap_task,20260715,time,62,-5.575085639953613,0.00045340409269556403
ap_task,20260715,time,63,-3.963548421859741,0.0022717840038239956
ap_task,20260715,time,64,-1.8887286186218262,0.018090467900037766
ap_task,20260715,time,65,-2.383965492248535,0.011024811305105686
ap_task,20260715,time,66,-4.945127010345459,0.0008512810454703867
ap_task,20260715,time,67,-4.300929546356201,0.00162122817710042
ap_task,20260715,time,68,-5.312579154968262,0.0005895088543184102
ap_task,20260715,time,69,-3.8594672679901123,0.0025209770537912846
ap_task,20260715,time,70,-4.442610740661621,0.0014070606557652354
ap_task,20260715,time,71,-3.2747368812561035,0.004523910116404295
ap_task,20260715,time,72,-3.642608642578125,0.003131479024887085
ap_task,20260715,time,73,-3.4000332355499268,0.003991154488176107
ap_task,20260715,time,74,-3.152057409286499,0.005114381201565266
ap_task,20260715,time,75,-2.5925209522247314,0.008949457667768002
ap_task,20260715,time,76,-3.6255908012390137,0.003185225185006857
ap_task,20260715,time,77,-2.4114580154418945,0.010725839994847775
ap_task,20260715,time,78,-1.9666897058486938,0.016733689233660698
ap_task,20260715,time,79,-5.1341753005981445,0.0007046445971354842
ap_task,20260715,position,0,0.0,0.009362420998513699
ap_task,20260715,position,1,-0.04352164268493652,0.008963692933321
ap_task,20260715,position,2,0.29487746953964233,0.012573372572660446
ap_task,20260715,position,3,0.17302513122558594,0.011130944825708866
ap_task,20260715,position,4,0.3234595060348511,0.012937931343913078
ap_task,20260715,position,5,0.1759732961654663,0.011163809336721897
ap_task,20260715,position,6,0.304523229598999,0.01269523985683918
ap_task,20260715,position,7,0.3068733215332031,0.012725110165774822
ap_task,20260715,position,8,0.2682242691516876,0.012242678552865982
ap_task,20260715,position,9,0.20066870748996735,0.011442936025559902
ap_task,20260715,position,10,0.2871358394622803,0.01247641071677208
ap_task,20260715,position,11,0.2176685333251953,0.011639127507805824
ap_task,20260715,position,12,0.2764904499053955,0.012344298884272575
ap_task,20260715,position,13,0.3177756071090698,0.01286460179835558
ap_task,20260715,position,14,0.24528101086616516,0.011964988894760609
ap_task,20260715,position,15,0.3351851999759674,0.013090529479086399
ap_task,20260715,position,16,0.1730881929397583,0.011131646111607552
ap_task,20260715,position,17,0.15807825326919556,0.010965809226036072
ap_task,20260715,position,18,0.28229784965515137,0.012416196055710316
ap_task,20260715,position,19,0.2617875635623932,0.012164129875600338
ap_task,20260715,position,20,0.301735520362854,0.012659898027777672
ap_task,20260715,position,21,0.2909387946128845,0.012523948214948177
ap_task,20260715,position,22,0.35131052136421204,0.013303330168128014
ap_task,20260715,position,23,0.2625390887260437,0.012173274531960487
ap_task,20260715,position,24,0.18196943402290344,0.011230949312448502
ap_task,20260715,position,25,0.334427148103714,0.013080610893666744
ap_task,20260715,position,26,0.24425199627876282,0.011952685192227364
ap_task,20260715,position,27,0.09487459063529968,0.010294177569448948
ap_task,20260715,position,28,0.37149736285209656,0.013574610464274883
ap_task,20260715,position,29,0.34772995114326477,0.013255782425403595
ap_task,20260715,position,30,0.35667985677719116,0.013374952599406242
ap_task,20260715,position,31,0.34027615189552307,0.013157343491911888
ap_task,20260715,position,32,0.44418883323669434,0.0145981190726161
ap_task,20260715,position,33,0.2231484204530716,0.011703082360327244
ap_task,20260715,position,34,0.1424761861562729,0.010796047747135162
ap_task,20260715,position,35,0.32248690724372864,0.012925353832542896
ap_task,20260715,position,36,0.13633090257644653,0.010729906149208546
ap_task,20260715,position,37,0.3679580092430115,0.013526651076972485
ap_task,20260715,position,38,0.5365829467773438,0.016011174768209457
ap_task,20260715,position,39,0.30731651186943054,0.012730752117931843
ap_task,20260715,position,40,0.19917890429496765,0.011425900273025036
ap_task,20260715,position,41,0.46482139825820923,0.014902444556355476
ap_task,20260715,position,42,0.2583450675010681,0.012122326530516148
ap_task,20260715,position,43,0.25867730379104614,0.012126355431973934
ap_task,20260715,position,44,0.3483842611312866,0.013264458626508713
ap_task,20260715,position,45,0.27166879177093506,0.012284922413527966
ap_task,20260715,position,46,0.3597593307495117,0.013416203670203686
ap_task,20260715,position,47,0.3665046691894531,0.01350700668990612
ap_task,20260715,position,48,0.31342121958732605,0.012808705680072308
ap_task,20260715,position,49,0.25257429480552673,0.012052573263645172
ap_task,20260715,position,50,0.4016610085964203,0.013990309089422226
ap_task,20260715,position,51,0.19368833303451538,0.011363337747752666
ap_task,20260715,position,52,0.28281715512275696,0.012422645464539528
ap_task,20260715,position,53,0.27231064438819885,0.012292809784412384
ap_task,20260715,position,54,0.25911664962768555,0.01213168352842331
ap_task,20260715,position,55,0.5631150007247925,0.016441667452454567
ap_task,20260715,position,56,0.30423301458358765,0.012691556476056576
ap_task,20260715,position,57,0.3680323660373688,0.013527655974030495
ap_task,20260715,position,58,0.298850953578949,0.012623433023691177
ap_task,20260715,position,59,0.4694650173187256,0.014971807599067688
ap_task,20260715,position,60,0.26930558681488037,0.012255924753844738
ap_task,20260715,position,61,0.3353550434112549,0.013092754408717155
ap_task,20260715,position,62,0.3688226640224457,0.013538352213799953
ap_task,20260715,position,63,0.19946035742759705,0.011429117992520332
ap_task,20260715,position,64,0.05451411008834839,0.009886972606182098
ap_task,20260715,position,65,0.20052623748779297,0.011441306211054325
ap_task,20260715,position,66,0.33108022809028625,0.01303690392524004
ap_task,20260715,position,67,0.2303617298603058,0.011787806637585163
ap_task,20260715,position,68,0.48492980003356934,0.015205143019557
ap_task,20260715,position,69,0.2725153863430023,0.01229532714933157
ap_task,20260715,position,70,0.3986487090587616,0.01394823007285595
ap_task,20260715,position,71,0.19521638751029968,0.011380715295672417
ap_task,20260715,position,72,0.20879942178726196,0.011536354199051857
ap_task,20260715,position,73,0.21409228444099426,0.011597576551139355
ap_task,20260715,position,74,0.351075679063797,0.013300206512212753
ap_task,20260715,position,75,0.3118146061897278,0.012788144871592522
ap_task,20260715,position,76,0.279276043176651,0.012378732673823833
ap_task,20260715,position,77,0.19693493843078613,0.011400289833545685
ap_task,20260715,position,78,0.14798101782798767,0.010855641216039658
ap_task,20260715,position,79,0.5713849663734436,0.016578204929828644
ap_task,20260716,event,0,0.0,0.02276601828634739
ap_task,20260716,event,1,1.550444483757019,0.10730911046266556
ap_task,20260716,event,2,1.7501949071884155,0.13103492558002472
ap_task,20260716,event,3,1.2176073789596558,0.07692848891019821
ap_task,20260716,event,4,0.9341707229614258,0.05794183537364006
ap_task,20260716,event,5,0.8684403896331787,0.05425577238202095
ap_task,20260716,event,6,-0.2228316068649292,0.018218496814370155
ap_task,20260716,event,7,-1.6147525310516357,0.00452906871214509
ap_task,20260716,event,8,-1.0230504274368286,0.008184307254850864
ap_task,20260716,event,9,-1.1717851161956787,0.007053216453641653
ap_task,20260716,event,10,-0.5289468765258789,0.013414309360086918
ap_task,20260716,event,11,0.7288830280303955,0.04718858748674393
ap_task,20260716,event,12,-3.9375710487365723,0.00044383510248735547
ap_task,20260716,event,13,-5.108839511871338,0.00013757712440565228
ap_task,20260716,event,14,-0.8304440379142761,0.009922699071466923
ap_task,20260716,event,15,-0.09563732147216797,0.02068961039185524
ap_task,20260716,event,16,-0.5737593770027161,0.012826451100409031
ap_task,20260716,event,17,-1.4882689714431763,0.005139727611094713
ap_task,20260716,event,18,-5.442049026489258,9.859056444838643e-05
ap_task,20260716,event,19,-3.471576690673828,0.0007072947337292135
ap_task,20260716,event,20,-0.6049308776855469,0.012432797811925411
ap_task,20260716,event,21,-2.685105323791504,0.0015529613010585308
ap_task,20260716,event,22,-5.0364580154418945,0.00014790447312407196
ap_task,20260716,event,23,-1.2210381031036377,0.006714242976158857
ap_task,20260716,event,24,-3.104574203491211,0.0010209103347733617
ap_task,20260716,event,25,-1.7272732257843018,0.004047080874443054
ap_task,20260716,event,26,-0.9026411771774292,0.009231558069586754
ap_task,20260716,event,27,-1.867432713508606,0.0035178016405552626
ap_task,20260716,event,28,-0.8779579997062683,0.009462258778512478
ap_task,20260716,event,29,-4.090238094329834,0.0003809949557762593
ap_task,20260716,event,30,0.2836798429489136,0.03023344837129116
ap_task,20260716,event,31,-2.364022731781006,0.0021409422624856234
ap_task,20260716,event,32,-3.4151244163513184,0.0007483716472052038
ap_task,20260716,event,33,-2.533482074737549,0.0018072145758196712
ap_task,20260716,event,34,-2.4333884716033936,0.0019974682945758104
ap_task,20260716,event,35,-6.211288928985596,4.568340955302119e-05
ap_task,20260716,event,36,0.02808547019958496,0.023414473980665207
ap_task,20260716,event,37,-1.4881701469421387,0.005140234716236591
ap_task,20260716,event,38,-4.8781023025512695,0.0001732822711346671
ap_task,20260716,event,39,-2.825453281402588,0.001349609810858965
ap_task,20260716,event,40,-2.292712926864624,0.0022991884034126997
ap_task,20260716,event,41,-0.04976874589920044,0.021660713478922844
ap_task,20260716,event,42,-1.630591869354248,0.004457896575331688
ap_task,20260716,event,43,-1.4500840902328491,0.00533978221938014
ap_task,20260716,event,44,-2.7796690464019775,0.0014128374168649316
ap_task,20260716,event,45,-3.270540714263916,0.0008647872018627822
ap_task,20260716,event,46,-1.4037939310073853,0.005592772271484137
ap_task,20260716,event,47,-0.7919555902481079,0.010312053374946117
ap_task,20260716,event,48,0.4190486669540405,0.03461605682969093
ap_task,20260716,event,49,-0.9987411499023438,0.008385700173676014
ap_task,20260716,event,50,-3.8860955238342285,0.0004672799841500819
ap_task,20260716,event,51,-5.246238708496094,0.00011991532664978877
ap_task,20260716,event,52,-2.127027988433838,0.002713504945859313
ap_task,20260716,event,53,-5.536250591278076,8.972716022981331e-05
ap_task,20260716,event,54,0.36567461490631104,0.032816898077726364
ap_task,20260716,event,55,-0.050854623317718506,0.0216372087597847
ap_task,20260716,event,56,-4.148191928863525,0.0003595424350351095
ap_task,20260716,event,57,-0.6004030108451843,0.01248922199010849
ap_task,20260716,event,58,-0.46503347158432007,0.014299657195806503
ap_task,20260716,event,59,-3.1343255043029785,0.0009909842628985643
ap_task,20260716,event,60,-2.0475597381591797,0.0029379413463175297
ap_task,20260716,event,61,-2.5340323448181152,0.001806220505386591
ap_task,20260716,event,62,-3.396817684173584,0.0007621980621479452
ap_task,20260716,event,63,-4.2076802253723145,0.0003387776087038219
ap_task,20260716,event,64,-5.685348987579346,7.729854405624792e-05
ap_task,20260716,event,65,-1.4778368473052979,0.005193626508116722
ap_task,20260716,event,66,-4.259983539581299,0.0003215138567611575
ap_task,20260716,event,67,-1.599107265472412,0.004600484389811754
ap_task,20260716,event,68,-3.676480770111084,0.0005762510700151324
ap_task,20260716,event,69,-0.42176955938339233,0.014931893907487392
ap_task,20260716,event,70,-1.6763077974319458,0.004258688539266586
ap_task,20260716,event,71,-4.906483173370361,0.00016843350022099912
ap_task,20260716,event,72,-0.4003795385360718,0.015254727564752102
ap_task,20260716,event,73,-2.592681407928467,0.001703333924524486
ap_task,20260716,event,74,-2.840667247772217,0.0013292324729263783
ap_task,20260716,event,75,0.03337860107421875,0.02353874035179615
ap_task,20260716,event,76,-1.5959281921386719,0.004615133162587881
ap_task,20260716,event,77,-0.651802659034729,0.011863498017191887
ap_task,20260716,event,78,-0.8616222739219666,0.00961809977889061
ap_task,20260716,event,79,-3.312734603881836,0.0008290575351566076
ap_task,20260716,time,0,0.0,0.02235349453985691
ap_task,20260716,time,1,1.6515698432922363,0.11657705157995224
ap_task,20260716,time,2,2.185120105743408,0.19876092672348022
ap_task,20260716,time,3,1.6395559310913086,0.11518488824367523
ap_task,20260716,time,4,1.428358793258667,0.09325535595417023
ap_task,20260716,time,5,1.0326719284057617,0.06278113275766373
ap_task,20260716,time,6,-0.25283825397491455,0.017359578981995583
ap_task,20260716,time,7,-2.3349356651306152,0.0021641915664076805
ap_task,20260716,time,8,-2.0009512901306152,0.0030223396606743336
ap_task,20260716,time,9,-2.0610504150390625,0.0028460505418479443
ap_task,20260716,time,10,-1.035190463066101,0.00793903972953558
ap_task,20260716,time,11,0.9158225059509277,0.0558575764298439
ap_task,20260716,time,12,-5.401309013366699,0.00010082929657073691
ap_task,20260716,time,13,-6.347543716430664,3.9141945308074355e-05
ap_task,20260716,time,14,-0.9925798177719116,0.008284635841846466
ap_task,20260716,time,15,-0.6568291783332825,0.011590125970542431
ap_task,20260716,time,16,-0.9515786170959473,0.008631376549601555
ap_task,20260716,time,17,-2.041266918182373,0.0029029161669313908
ap_task,20260716,time,18,-6.585366249084473,3.085723437834531e-05
ap_task,20260716,time,19,-4.306088924407959,0.00030146350036375225
ap_task,20260716,time,20,-1.0911120176315308,0.007507260888814926
ap_task,20260716,time,21,-3.6225764751434326,0.0005971460486762226
ap_task,20260716,time,22,-6.348935127258301,3.908748476533219e-05
ap_task,20260716,time,23,-1.9619383811950684,0.003142580157145858
ap_task,20260716,time,24,-4.023554801940918,0.0003998876491095871
ap_task,20260716,time,25,-2.43430757522583,0.0019594719633460045
ap_task,20260716,time,26,-1.6898261308670044,0.004125373438000679
ap_task,20260716,time,27,-2.7006454467773438,0.0015013086376711726
ap_task,20260716,time,28,-1.5790815353393555,0.004608493763953447
ap_task,20260716,time,29,-5.4715142250061035,9.399332338944077e-05
ap_task,20260716,time,30,-0.2020883560180664,0.0182633139193058
ap_task,20260716,time,31,-3.5469915866851807,0.0006440305151045322
ap_task,20260716,time,32,-4.9211649894714355,0.00016297110414598137
ap_task,20260716,time,33,-3.595942735671997,0.0006132636917755008
ap_task,20260716,time,34,-3.3620524406433105,0.0007748624193482101
ap_task,20260716,time,35,-7.880065441131592,8.45427712192759e-06
ap_task,20260716,time,36,0.052274107933044434,0.023553084582090378
ap_task,20260716,time,37,-2.136716842651367,0.002638645702973008
ap_task,20260716,time,38,-6.426941871643066,3.615428795455955e-05
ap_task,20260716,time,39,-4.0530290603637695,0.00038827306707389653
ap_task,20260716,time,40,-3.3493824005126953,0.0007847424712963402
ap_task,20260716,time,41,-0.5867874622344971,0.012431022711098194
ap_task,20260716,time,42,-2.2587943077087402,0.0023354121949523687
ap_task,20260716,time,43,-2.2217700481414795,0.0024234990123659372
ap_task,20260716,time,44,-3.864581823348999,0.00046879067667759955
ap_task,20260716,time,45,-4.351946830749512,0.00028795134858228266
ap_task,20260716,time,46,-2.073761463165283,0.0028101031202822924
ap_task,20260716,time,47,-1.7386622428894043,0.003928746562451124
ap_task,20260716,time,48,0.7856309413909912,0.04903889074921608
ap_task,20260716,time,49,-1.726217269897461,0.003977945074439049
ap_task,20260716,time,50,-5.029576778411865,0.00014622713206335902
ap_task,20260716,time,51,-6.636981010437012,2.930494702013675e-05
ap_task,20260716,time,52,-3.156642198562622,0.0009515531128272414
ap_task,20260716,time,53,-7.424554824829102,1.333221825916553e-05
ap_task,20260716,time,54,0.24578619003295898,0.028581760823726654
ap_task,20260716,time,55,-0.49216628074645996,0.01366470567882061
ap_task,20260716,time,56,-5.515189170837402,8.99765218491666e-05
ap_task,20260716,time,57,-1.1506595611572266,0.007073271553963423
ap_task,20260716,time,58,-1.1898647546768188,0.0068013290874660015
ap_task,20260716,time,59,-4.222175598144531,0.00032785217626951635
ap_task,20260716,time,60,-3.034996509552002,0.0010746404295787215
ap_task,20260716,time,61,-3.6018123626708984,0.0006096747238188982
ap_task,20260716,time,62,-4.709712028503418,0.0002013462217291817
ap_task,20260716,time,63,-5.3605756759643555,0.00010502120130695403
ap_task,20260716,time,64,-7.28327751159668,1.5355304640252143e-05
ap_task,20260716,time,65,-2.3762032985687256,0.0020766989327967167
ap_task,20260716,time,66,-5.792041301727295,6.821719580329955e-05
ap_task,20260716,time,67,-2.528350830078125,0.0017835964681580663
ap_task,20260716,time,68,-5.260749816894531,0.0001160461688414216
ap_task,20260716,time,69,-0.8009338974952698,0.010034697130322456
ap_task,20260716,time,70,-2.537947177886963,0.0017665622290223837
ap_task,20260716,time,71,-6.20623779296875,4.508279016590677e-05
ap_task,20260716,time,72,-0.7288225889205933,0.010785039514303207
ap_task,20260716,time,73,-3.9322550296783447,0.00043811550131067634
ap_task,20260716,time,74,-3.8200132846832275,0.0004901563515886664
ap_task,20260716,time,75,-0.2904471158981323,0.016718827188014984
ap_task,20260716,time,76,-2.595580577850342,0.0016676277155056596
ap_task,20260716,time,77,-0.8187941908836365,0.009857064113020897
ap_task,20260716,time,78,-1.5756571292877197,0.004624302498996258
ap_task,20260716,time,79,-4.2627058029174805,0.0003148296382278204
ap_task,20260716,position,0,0.0,0.010034139268100262
ap_task,20260716,position,1,-0.11161791533231735,0.008974391967058182
ap_task,20260716,position,2,-0.2271379828453064,0.007995310239493847
ap_task,20260716,position,3,-0.22328969836235046,0.008026137948036194
ap_task,20260716,position,4,0.0960778146982193,0.011046026833355427
ap_task,20260716,position,5,0.05636113882064819,0.01061591412872076
ap_task,20260716,position,6,0.29002583026885986,0.013410245068371296
ap_task,20260716,position,7,0.22384630143642426,0.012551490217447281
ap_task,20260716,position,8,0.17694149911403656,0.011976358480751514
ap_task,20260716,position,9,0.2413347214460373,0.012772927060723305
ap_task,20260716,position,10,0.03842949867248535,0.010427250526845455
ap_task,20260716,position,11,-0.09159433096647263,0.00915590301156044
ap_task,20260716,position,12,0.4735136032104492,0.016111070290207863
ap_task,20260716,position,13,-0.16272349655628204,0.008527273312211037
ap_task,20260716,position,14,-0.04161158949136734,0.00962517037987709
ap_task,20260716,position,15,0.11647839844226837,0.01127368863672018
ap_task,20260716,position,16,-0.02865595370531082,0.00975068099796772
ap_task,20260716,position,17,0.30523401498794556,0.013615748845040798
ap_task,20260716,position,18,-0.4589466452598572,0.006341063417494297
ap_task,20260716,position,19,-0.03059420734643936,0.009731801226735115
ap_task,20260716,position,20,-0.11954493820667267,0.008903533220291138
ap_task,20260716,position,21,0.08896897733211517,0.010967782698571682
ap_task,20260716,position,22,0.17197515070438385,0.011917026713490486
ap_task,20260716,position,23,0.005574323236942291,0.010090228170156479
ap_task,20260716,position,24,0.21722696721553802,0.012468681670725346
ap_task,20260716,position,25,0.09635327756404877,0.01104907039552927
ap_task,20260716,position,26,0.17281471192836761,0.011927036568522453
ap_task,20260716,position,27,-0.0020391419529914856,0.010013698600232601
ap_task,20260716,position,28,0.13253073394298553,0.011456117033958435
ap_task,20260716,position,29,0.14530302584171295,0.01160337682813406
ap_task,20260716,position,30,0.22335927188396454,0.012545378878712654
ap_task,20260716,position,31,0.4120330214500427,0.015150387771427631
ap_task,20260716,position,32,0.7337077260017395,0.020898988470435143
ap_task,20260716,position,33,0.458601713180542,0.01587260700762272
ap_task,20260716,position,34,0.4036324620246887,0.015023648738861084
ap_task,20260716,position,35,-0.09653925895690918,0.009110738523304462
ap_task,20260716,position,36,-0.027505777776241302,0.009761903434991837
ap_task,20260716,position,37,0.004639007151126862,0.010080794803798199
ap_task,20260716,position,38,0.484985888004303,0.01629696600139141
ap_task,20260716,position,39,0.4933304190635681,0.01643352583050728
ap_task,20260716,position,40,0.34882110357284546,0.0142223434522748
ap_task,20260716,position,41,-0.0014460384845733643,0.010019639506936073
ap_task,20260716,position,42,0.1324813812971115,0.011455552652478218
ap_task,20260716,position,43,0.4632752537727356,0.01594696193933487
ap_task,20260716,position,44,0.5265136361122131,0.016987992450594902
ap_task,20260716,position,45,0.47460269927978516,0.016128627583384514
ap_task,20260716,position,46,0.18331219255924225,0.012052900157868862
ap_task,20260716,position,47,0.5129636526107788,0.0167593564838171
ap_task,20260716,position,48,0.053148627281188965,0.010581864975392818
ap_task,20260716,position,49,0.03444226086139679,0.010385757312178612
ap_task,20260716,position,50,0.18202714622020721,0.012037421576678753
ap_task,20260716,position,51,-0.31126540899276733,0.007350201718509197
ap_task,20260716,position,52,0.5137244462966919,0.016772111877799034
ap_task,20260716,position,53,0.44752758741378784,0.015697801485657692
ap_task,20260716,position,54,-0.14259161055088043,0.008700682781636715
ap_task,20260716,position,55,0.190057173371315,0.012134470976889133
ap_task,20260716,position,56,0.4480934143066406,0.015706686303019524
ap_task,20260716,position,57,0.11214973032474518,0.011224992573261261
ap_task,20260716,position,58,0.41733306646347046,0.015230899676680565
ap_task,20260716,position,59,0.2674700617790222,0.013111152686178684
ap_task,20260716,position,60,0.3670831322669983,0.014484457671642303
ap_task,20260716,position,61,0.4645276665687561,0.015966948121786118
ap_task,20260716,position,62,0.46472829580307007,0.015970151871442795
ap_task,20260716,position,63,0.1804678589105606,0.012018666602671146
ap_task,20260716,position,64,-0.17575538158416748,0.008416866883635521
ap_task,20260716,position,65,0.3168310523033142,0.0137745700776577
ap_task,20260716,position,66,0.40121084451675415,0.014987311325967312
ap_task,20260716,position,67,0.4247387647628784,0.015344112180173397
ap_task,20260716,position,68,0.7566205263137817,0.02138337306678295
ap_task,20260716,position,69,0.06143805384635925,0.010669948533177376
ap_task,20260716,position,70,0.10947957634925842,0.011195061728358269
ap_task,20260716,position,71,0.3482013940811157,0.014213533140718937
ap_task,20260716,position,72,0.2076779454946518,0.01235018577426672
ap_task,20260716,position,73,0.4943768382072449,0.016450731083750725
ap_task,20260716,position,74,0.12392763793468475,0.011357982642948627
ap_task,20260716,position,75,0.13930995762348175,0.011534045450389385
ap_task,20260716,position,76,0.3517627716064453,0.014264242723584175
ap_task,20260716,position,77,0.3031977415084839,0.013588051311671734
ap_task,20260716,position,78,0.3295988440513611,0.013951568864285946
ap_task,20260716,position,79,0.18196429312229156,0.01203666441142559
ap_task,20260717,event,0,0.0,0.007933661341667175
ap_task,20260717,event,1,1.6243988275527954,0.0402662493288517
ap_task,20260717,event,2,2.8340203762054443,0.13498114049434662
ap_task,20260717,event,3,1.7819044589996338,0.04713515564799309
ap_task,20260717,event,4,1.91505765914917,0.05384838953614235
ap_task,20260717,event,5,0.5727196335792542,0.014067040756344795
ap_task,20260717,event,6,-0.44855350255966187,0.005066049750894308
ap_task,20260717,event,7,1.042676568031311,0.022506212815642357
ap_task,20260717,event,8,1.043819785118103,0.022531958296895027
ap_task,20260717,event,9,0.3720359206199646,0.01150924526154995
ap_task,20260717,event,10,0.5619236826896667,0.013915988616645336
ap_task,20260717,event,11,0.2952651083469391,0.01065873634070158
ap_task,20260717,event,12,1.2319642305374146,0.0271962471306324
ap_task,20260717,event,13,-1.4731049537658691,0.0018184963846579194
ap_task,20260717,event,14,-0.05220182240009308,0.00753013463690877
ap_task,20260717,event,15,0.0738208144903183,0.008541489951312542
ap_task,20260717,event,16,0.6499887108802795,0.015197084285318851
ap_task,20260717,event,17,0.2574092149734497,0.010262781754136086
ap_task,20260717,event,18,0.30274340510368347,0.010738743469119072
ap_task,20260717,event,19,-1.3071215152740479,0.002146831713616848
ap_task,20260717,event,20,-0.3363932967185974,0.00566734978929162
ap_task,20260717,event,21,-0.18592913448810577,0.00658757658675313
ap_task,20260717,event,22,-1.2047982215881348,0.002378135221078992
ap_task,20260717,event,23,-0.894775390625,0.003242483362555504
ap_task,20260717,event,24,-0.059855177998542786,0.007472724188119173
ap_task,20260717,event,25,0.55366051197052,0.013801472261548042
ap_task,20260717,event,26,0.010259002447128296,0.008015473373234272
ap_task,20260717,event,27,0.7497898936271667,0.01679203473031521
ap_task,20260717,event,28,-0.0198051780462265,0.007778079714626074
ap_task,20260717,event,29,-0.19664506614208221,0.006517361383885145
ap_task,20260717,event,30,0.052464403212070465,0.008361008949577808
ap_task,20260717,event,31,0.3180162310600281,0.01090401504188776
ap_task,20260717,event,32,-0.151459202170372,0.006818610243499279
ap_task,20260717,event,33,-0.6720380783081055,0.004051458090543747
ap_task,20260717,event,34,0.3027319312095642,0.010738620534539223
ap_task,20260717,event,35,-0.18992723524570465,0.006561292801052332
ap_task,20260717,event,36,0.5497836470603943,0.013748068362474442
ap_task,20260717,event,37,0.42452579736709595,0.01212950237095356
ap_task,20260717,event,38,-1.1235837936401367,0.002579333959147334
ap_task,20260717,event,39,0.29871970415115356,0.010695623233914375
ap_task,20260717,event,40,-0.2264079600572586,0.0063262456096708775
ap_task,20260717,event,41,0.6055700182914734,0.01453681942075491
ap_task,20260717,event,42,0.3320333659648895,0.011057932861149311
ap_task,20260717,event,43,-0.7324464917182922,0.0038139610551297665
ap_task,20260717,event,44,-0.6416316628456116,0.004176539368927479
ap_task,20260717,event,45,-0.12763582170009613,0.00698300264775753
ap_task,20260717,event,46,-0.916805624961853,0.003171831602230668
ap_task,20260717,event,47,-1.525537371635437,0.001725604641251266
ap_task,20260717,event,48,1.542792558670044,0.03711077570915222
ap_task,20260717,event,49,0.2616146504878998,0.010306033305823803
ap_task,20260717,event,50,-0.7495165467262268,0.0037494089920073748
ap_task,20260717,event,51,0.2279350906610489,0.009964709170162678
ap_task,20260717,event,52,-0.23266185820102692,0.006286804564297199
ap_task,20260717,event,53,0.3873880207538605,0.01168730203062296
ap_task,20260717,event,54,0.23692871630191803,0.010054731741547585
ap_task,20260717,event,55,1.119789719581604,0.024310406297445297
ap_task,20260717,event,56,0.20545046031475067,0.009743156842887402
ap_task,20260717,event,57,0.2950643002986908,0.010656596161425114
ap_task,20260717,event,58,0.15371833741664886,0.009251938201487064
ap_task,20260717,event,59,-0.6455039978027344,0.004160399083048105
ap_task,20260717,event,60,-0.5435171127319336,0.004607096780091524
ap_task,20260717,event,61,-0.21791063249111176,0.006380230188369751
ap_task,20260717,event,62,-1.5313693284988403,0.001715569756925106
ap_task,20260717,event,63,-0.696860134601593,0.003952129278331995
ap_task,20260717,event,64,-0.19467474520206451,0.006530215498059988
ap_task,20260717,event,65,-0.4440265893936157,0.005089034792035818
ap_task,20260717,event,66,-0.7803650498390198,0.0036355110350996256
ap_task,20260717,event,67,-0.45411449670791626,0.00503795500844717
ap_task,20260717,event,68,-0.6975730657577515,0.003949313424527645
ap_task,20260717,event,69,0.6099255084991455,0.014600273221731186
ap_task,20260717,event,70,-0.46465879678726196,0.004985112231224775
ap_task,20260717,event,71,0.40766555070877075,0.011926709674298763
ap_task,20260717,event,72,0.8407053351402283,0.018390240147709846
ap_task,20260717,event,73,-0.05257917940616608,0.007527293637394905
ap_task,20260717,event,74,-0.1830083578824997,0.006606846582144499
ap_task,20260717,event,75,0.2605518400669098,0.010295085608959198
ap_task,20260717,event,76,0.48634928464889526,0.012903053313493729
ap_task,20260717,event,77,0.706603467464447,0.0160822831094265
ap_task,20260717,event,78,0.6778327226638794,0.015626177191734314
ap_task,20260717,event,79,0.056386202573776245,0.008393863216042519
ap_task,20260717,time,0,0.0,0.0008476705988869071
ap_task,20260717,time,1,4.34959602355957,0.06564967334270477
ap_task,20260717,time,2,5.535552024841309,0.21492493152618408
ap_task,20260717,time,3,4.8427534103393555,0.10749991238117218
ap_task,20260717,time,4,4.790576934814453,0.10203475505113602
ap_task,20260717,time,5,2.3922224044799805,0.009271628223359585
ap_task,20260717,time,6,-0.027238845825195312,0.0008248926023952663
ap_task,20260717,time,7,4.23489236831665,0.05853524059057236
ap_task,20260717,time,8,3.0704221725463867,0.018268147483468056
ap_task,20260717,time,9,0.7924081087112427,0.0018722572131082416
ap_task,20260717,time,10,1.949105978012085,0.005952687468379736
ap_task,20260717,time,11,0.7336488366127014,0.0017654146067798138
ap_task,20260717,time,12,4.322756767272949,0.06391111761331558
ap_task,20260717,time,13,-1.4039980173110962,0.00020819887868128717
ap_task,20260717,time,14,0.5889266133308411,0.0015275469049811363
ap_task,20260717,time,15,0.8976455926895142,0.002080029807984829
ap_task,20260717,time,16,3.3210043907165527,0.023470422253012657
ap_task,20260717,time,17,2.0821120738983154,0.006799497175961733
ap_task,20260717,time,18,1.7042092084884644,0.004659675993025303
ap_task,20260717,time,19,-2.3546481132507324,8.04667070042342e-05
ap_task,20260717,time,20,0.44663727283477783,0.0013249489711597562
ap_task,20260717,time,21,1.0023281574249268,0.0023095777723938227
ap_task,20260717,time,22,-2.190406322479248,9.482995665166527e-05
ap_task,20260717,time,23,-0.5745065212249756,0.00047722371527925134
ap_task,20260717,time,24,1.3204118013381958,0.003174494719132781
ap_task,20260717,time,25,2.3739559650421143,0.009103805758059025
ap_task,20260717,time,26,2.034954309463501,0.00648629292845726
ap_task,20260717,time,27,2.8554539680480957,0.014734482392668724
ap_task,20260717,time,28,0.8970861434936523,0.002078866818919778
ap_task,20260717,time,29,0.6569990515708923,0.0016351521480828524
ap_task,20260717,time,30,0.09665179252624512,0.0009336891816928983
ap_task,20260717,time,31,2.088520050048828,0.006843209266662598
ap_task,20260717,time,32,0.4885048270225525,0.0013815992278978229
ap_task,20260717,time,33,-1.9628928899765015,0.00011905659630429
ap_task,20260717,time,34,1.7326548099517822,0.004794125910848379
ap_task,20260717,time,35,0.22563523054122925,0.0010622316040098667
ap_task,20260717,time,36,1.8924896717071533,0.005625029560178518
ap_task,20260717,time,37,2.0961155891418457,0.006895385682582855
ap_task,20260717,time,38,-1.8697198629379272,0.00013068267435301095
ap_task,20260717,time,39,2.2859010696411133,0.008336454629898071
ap_task,20260717,time,40,-0.12638258934020996,0.0007470329874195158
ap_task,20260717,time,41,1.139540195465088,0.0026492513716220856
ap_task,20260717,time,42,1.2869648933410645,0.0030700741335749626
ap_task,20260717,time,43,-1.556585431098938,0.0001787354558473453
ap_task,20260717,time,44,-1.3266264200210571,0.00022494712902698666
ap_task,20260717,time,45,-0.19364237785339355,0.0006984401261433959
ap_task,20260717,time,46,-0.6413288116455078,0.0004463767691049725
ap_task,20260717,time,47,-2.8591561317443848,4.858600004808977e-05
ap_task,20260717,time,48,4.476034641265869,0.07449792325496674
ap_task,20260717,time,49,1.3500105142593384,0.003269860055297613
ap_task,20260717,time,50,-1.1308225393295288,0.0002736006281338632
ap_task,20260717,time,51,2.1650664806365967,0.007387601304799318
ap_task,20260717,time,52,-0.08433139324188232,0.00077911646803841
ap_task,20260717,time,53,1.1264265775680542,0.0026147370226681232
ap_task,20260717,time,54,1.4251477718353271,0.003525013569742441
ap_task,20260717,time,55,3.557058811187744,0.029719270765781403
ap_task,20260717,time,56,1.343566656112671,0.003248856868594885
ap_task,20260717,time,57,2.669520139694214,0.012234462425112724
ap_task,20260717,time,58,1.4457541704177856,0.0035984059795737267
ap_task,20260717,time,59,-0.5530191659927368,0.0004875888698734343
ap_task,20260717,time,60,0.20319294929504395,0.0010386579670011997
ap_task,20260717,time,61,0.26270759105682373,0.0011023503029718995
ap_task,20260717,time,62,-1.6113337278366089,0.00016921298811212182
ap_task,20260717,time,63,0.20085382461547852,0.001036231522448361
ap_task,20260717,time,64,-0.03786182403564453,0.0008161761797964573
ap_task,20260717,time,65,-0.20246553421020508,0.0006923049222677946
ap_task,20260717,time,66,-0.2410355806350708,0.0006661111838184297
ap_task,20260717,time,67,0.5140946507453918,0.001417409861460328
ap_task,20260717,time,68,-0.42245304584503174,0.0005555947427637875
ap_task,20260717,time,69,3.5604629516601562,0.029820602387189865
ap_task,20260717,time,70,-0.39697265625,0.0005699333851225674
ap_task,20260717,time,71,1.280634880065918,0.0030507019255310297
ap_task,20260717,time,72,3.0020480155944824,0.017060818150639534
ap_task,20260717,time,73,0.9809529781341553,0.0022607340943068266
ap_task,20260717,time,74,0.5534198880195618,0.001474260352551937
ap_task,20260717,time,75,1.4969940185546875,0.0037875932175666094
ap_task,20260717,time,76,-0.2147529125213623,0.0006838502013124526
ap_task,20260717,time,77,2.599698305130005,0.011409369297325611
ap_task,20260717,time,78,1.443811058998108,0.0035914205946028233
ap_task,20260717,time,79,0.4811147451400757,0.0013714261585846543
ap_task,20260717,position,0,0.0,0.012079393491148949
ap_task,20260717,position,1,0.1817866861820221,0.014487521722912788
ap_task,20260717,position,2,0.3801342844963074,0.017665885388851166
ap_task,20260717,position,3,-0.032355599105358124,0.011694813147187233
ap_task,20260717,position,4,-0.21001854538917542,0.009791185148060322
ap_task,20260717,position,5,0.028430908918380737,0.01242775097489357
ap_task,20260717,position,6,-0.11931122094392776,0.010720842517912388
ap_task,20260717,position,7,-0.42268484830856323,0.00791544746607542
ap_task,20260717,position,8,0.13402533531188965,0.013811841607093811
ap_task,20260717,position,9,0.2629570960998535,0.015712523832917213
ap_task,20260717,position,10,0.12691515684127808,0.013713986612856388
ap_task,20260717,position,11,0.018111705780029297,0.012300166301429272
ap_task,20260717,position,12,-0.1273740530014038,0.010634750127792358
ap_task,20260717,position,13,-0.14113828539848328,0.010489373467862606
ap_task,20260717,position,14,-0.07991923391819,0.011151585727930069
ap_task,20260717,position,15,-0.04388450086116791,0.011560758575797081
ap_task,20260717,position,16,-0.20959359407424927,0.009795346297323704
ap_task,20260717,position,17,-0.15546704828739166,0.010340145789086819
ap_task,20260717,position,18,-0.0651305615901947,0.011317729018628597
ap_task,20260717,position,19,-0.19244122505187988,0.009964809753000736
ap_task,20260717,position,20,-0.06298968195915222,0.011341984383761883
ap_task,20260717,position,21,-0.07660721242427826,0.011188582517206669
ap_task,20260717,position,22,0.06939733028411865,0.0129474438726902
ap_task,20260717,position,23,-0.037633560597896576,0.01163325086236
ap_task,20260717,position,24,-0.15471705794334412,0.010347903706133366
ap_task,20260717,position,25,0.0065012723207473755,0.012158180586993694
ap_task,20260717,position,26,-0.1580500453710556,0.010313470847904682
ap_task,20260717,position,27,-0.017971143126487732,0.01186425145715475
ap_task,20260717,position,28,-0.0860404446721077,0.011083533987402916
ap_task,20260717,position,29,0.004012048244476318,0.012127955444157124
ap_task,20260717,position,30,0.19740819931030273,0.014715614728629589
ap_task,20260717,position,31,-0.06711156666278839,0.011295330710709095
ap_task,20260717,position,32,0.2284802496433258,0.015180038288235664
ap_task,20260717,position,33,0.28255695104599,0.016023525968194008
ap_task,20260717,position,34,0.1913529336452484,0.014626776799559593
ap_task,20260717,position,35,0.13652989268302917,0.013846478424966335
ap_task,20260717,position,36,0.24983033537864685,0.015507617965340614
ap_task,20260717,position,37,-0.10669838637113571,0.01085691899061203
ap_task,20260717,position,38,0.11101222038269043,0.013497618958353996
ap_task,20260717,position,39,-0.28440141677856445,0.009089316241443157
ap_task,20260717,position,40,0.025485530495643616,0.012391199357807636
ap_task,20260717,position,41,0.35564810037612915,0.017238566651940346
ap_task,20260717,position,42,0.12823835015296936,0.01373214554041624
ap_task,20260717,position,43,0.2772282063961029,0.015938367694616318
ap_task,20260717,position,44,0.3144795298576355,0.01654328964650631
ap_task,20260717,position,45,-0.057265229523181915,0.011407097801566124
ap_task,20260717,position,46,-0.159449964761734,0.010299043729901314
ap_task,20260717,position,47,0.19227075576782227,0.014640209265053272
ap_task,20260717,position,48,0.14318987727165222,0.013939003460109234
ap_task,20260717,position,49,0.033761829137802124,0.012494179420173168
ap_task,20260717,position,50,0.20941558480262756,0.01489337719976902
ap_task,20260717,position,51,-0.24337275326251984,0.009469994343817234
ap_task,20260717,position,52,0.04330143332481384,0.012613939121365547
ap_task,20260717,position,53,0.16472628712654114,0.01424245536327362
ap_task,20260717,position,54,0.0036478936672210693,0.012123540043830872
ap_task,20260717,position,55,-0.12568382918834686,0.010652740485966206
ap_task,20260717,position,56,0.16277337074279785,0.014214668422937393
ap_task,20260717,position,57,-0.2338813990354538,0.009560304693877697
ap_task,20260717,position,58,-0.10673605650663376,0.010856511071324348
ap_task,20260717,position,59,0.0384368896484375,0.01255272701382637
ap_task,20260717,position,60,0.08484843373298645,0.013149049133062363
ap_task,20260717,position,61,-0.07391031831502914,0.011218798346817493
ap_task,20260717,position,62,-0.08502313494682312,0.011094815097749233
ap_task,20260717,position,63,-0.17229263484477997,0.0101676220074296
ap_task,20260717,position,64,0.20119121670722961,0.014771390706300735
ap_task,20260717,position,65,0.019688695669174194,0.012319578789174557
ap_task,20260717,position,66,-0.11028789728879929,0.010818017646670341
ap_task,20260717,position,67,-0.09048783779144287,0.011034350842237473
ap_task,20260717,position,68,-0.10086043924093246,0.010920487344264984
ap_task,20260717,position,69,-0.28544557094573975,0.009079829789698124
ap_task,20260717,position,70,0.19232726097106934,0.014641037210822105
ap_task,20260717,position,71,0.12147179245948792,0.013639537617564201
ap_task,20260717,position,72,0.11780813336372375,0.013589659705758095
ap_task,20260717,position,73,0.07586762309074402,0.0130314901471138
ap_task,20260717,position,74,0.02421434223651886,0.01237545907497406
ap_task,20260717,position,75,-0.1836288869380951,0.01005300972610712
ap_task,20260717,position,76,0.5441359281539917,0.020814230665564537
ap_task,20260717,position,77,-0.0569414347410202,0.011410792358219624
ap_task,20260717,position,78,0.3706516623497009,0.017499156296253204
ap_task,20260717,position,79,-0.06257905811071396,0.01134664285928011
