view,seed,group,samples,event_accuracy,event_macro_f1,time_mae_seconds,position_distance_mae_m
f80,20260715,CONTROL,48288,0.7789927104042412,0.23992697872889016,1.0649468898773193,12.311553001403809
f80,20260715,CONTESTED,43001,0.7361456710309062,0.5157308446928963,1.1036217212677002,19.28257179260254
f80,20260715,restart,5227,0.7555002869714942,0.46148549765238345,1.250453233718872,19.388954162597656
f80,20260715,switch,11820,0.6767343485617597,0.4131140341104387,1.3948214054107666,18.117128372192383
f80,20260715,boundary,5425,0.9690322580645161,0.15558387893098638,9.538753509521484,35.945255279541016
f80,20260715,long_possession,13683,0.7921508441131331,0.615182130000396,1.6621954441070557,15.743520736694336
f80,20260715,Shot,1228,0.27931596091205213,0.043666454487587526,0.7190876603126526,20.984127044677734
f80,20260715,Foul,1192,0.4429530201342282,0.061395348837209304,1.0760422945022583,38.49863815307617
f80,20260715,Interruption,4022,0.8326703132769766,0.09086962420295754,3.0139753818511963,45.98659896850586
p1,20260715,CONTROL,48288,0.7830723989396952,0.2524322891659988,1.0617512464523315,11.482367515563965
p1,20260715,CONTESTED,43001,0.739796748912816,0.5213824843464345,1.106260061264038,19.443012237548828
p1,20260715,restart,5227,0.7621962885020088,0.4687933360015917,1.2639678716659546,19.18600845336914
p1,20260715,switch,11820,0.6758037225042302,0.4184364280040181,1.3954365253448486,17.702251434326172
p1,20260715,boundary,5425,0.9701382488479263,0.16946426514540683,10.316498756408691,34.01311111450195
p1,20260715,long_possession,13683,0.7969743477307608,0.6059223337672937,1.719690203666687,15.631484985351562
p1,20260715,Shot,1228,0.3346905537459283,0.05015253203172666,0.7314883470535278,21.93546485900879
p1,20260715,Foul,1192,0.3699664429530201,0.05401102265768524,1.1374768018722534,36.49153137207031
p1,20260715,Interruption,4022,0.8535554450522128,0.09209926224010731,3.0948984622955322,45.950687408447266
p2,20260715,CONTROL,48288,0.7852882703777336,0.23561168647715544,1.0496084690093994,12.780896186828613
p2,20260715,CONTESTED,43001,0.7284481756238227,0.5107956546032425,1.102730631828308,20.241859436035156
p2,20260715,restart,5227,0.7551176583126076,0.43684955384011853,1.267835259437561,19.910018920898438
p2,20260715,switch,11820,0.6744500846023689,0.40109058094492844,1.3816972970962524,18.318208694458008
p2,20260715,boundary,5425,0.9670046082949308,0.1210574791062596,9.12137222290039,35.64120864868164
p2,20260715,long_possession,13683,0.7903968427976321,0.5968803441715701,1.5985060930252075,16.868270874023438
p2,20260715,Shot,1228,0.33794788273615634,0.0505173463177115,0.7237789034843445,23.000051498413086
p2,20260715,Foul,1192,0.34731543624161076,0.05155666251556662,1.1492856740951538,36.0250358581543
p2,20260715,Interruption,4022,0.8150174042764794,0.0898082191780822,3.086876153945923,46.0481071472168
random_p1,20260715,CONTROL,48288,0.7839628893306826,0.23892438447279912,1.0486729145050049,12.537653923034668
random_p1,20260715,CONTESTED,43001,0.6908211436943327,0.4846183442388809,1.1595603227615356,20.30339241027832
random_p1,20260715,restart,5227,0.7564568586187106,0.44952884382566405,1.238480567932129,19.986249923706055
random_p1,20260715,switch,11820,0.6761421319796954,0.4093602115860208,1.3881700038909912,18.029048919677734
random_p1,20260715,boundary,5425,0.9662672811059908,0.09828442861160588,9.511626243591309,36.49151611328125
random_p1,20260715,long_possession,13683,0.7722721625374552,0.5808401506390677,1.6729916334152222,16.593019485473633
random_p1,20260715,Shot,1228,0.2988599348534202,0.04601880877742946,0.7345990538597107,22.875568389892578
random_p1,20260715,Foul,1192,0.18959731543624161,0.03187588152327221,1.3340739011764526,37.739505767822266
random_p1,20260715,Interruption,4022,0.7797115862754849,0.08762224084939926,3.2013869285583496,46.12291717529297
random_p2,20260715,CONTROL,48288,0.7808772365805169,0.2044574065546798,1.0477527379989624,12.39948558807373
random_p2,20260715,CONTESTED,43001,0.6862165996139624,0.48860788355629275,1.1579440832138062,20.37539291381836
random_p2,20260715,restart,5227,0.7505261144059691,0.469357828224599,1.2407174110412598,19.99165153503418
random_p2,20260715,switch,11820,0.672419627749577,0.39921772785004805,1.385306477546692,17.983531951904297
random_p2,20260715,boundary,5425,0.9688479262672811,0.15297723217715706,9.783744812011719,38.08721923828125
random_p2,20260715,long_possession,13683,0.7721990791493094,0.5868000160588849,1.7039607763290405,16.628854751586914
random_p2,20260715,Shot,1228,0.30211726384364823,0.04640400250156348,0.7349570989608765,21.586362838745117
random_p2,20260715,Foul,1192,0.30453020134228187,0.04668810289389068,1.3318041563034058,38.56529235839844
random_p2,20260715,Interruption,4022,0.7682744903033317,0.08689538807649044,3.0816597938537598,45.88166427612305
f80,20260716,CONTROL,48288,0.7841492710404241,0.24261210543122252,1.0551533699035645,12.240124702453613
f80,20260716,CONTESTED,43001,0.7371921583218994,0.4983513684988911,1.0980719327926636,19.312637329101562
f80,20260716,restart,5227,0.74708245647599,0.4447872004439491,1.258725643157959,19.912137985229492
f80,20260716,switch,11820,0.682741116751269,0.4071359998822257,1.3866301774978638,17.998037338256836
f80,20260716,boundary,5425,0.967926267281106,0.14666947409339012,9.113801002502441,37.333152770996094
f80,20260716,long_possession,13683,0.797997515164803,0.6012721857424945,1.6007215976715088,16.220609664916992
f80,20260716,Shot,1228,0.2703583061889251,0.04256410256410256,0.7898016571998596,21.35201072692871
f80,20260716,Foul,1192,0.14597315436241612,0.02547584187408492,1.05318021774292,37.758609771728516
f80,20260716,Interruption,4022,0.8281949278965689,0.09060247518019857,2.949227809906006,46.102699279785156
p1,20260716,CONTROL,48288,0.7848947978793903,0.23865423352762236,1.050440788269043,11.606867790222168
p1,20260716,CONTESTED,43001,0.7354712681100439,0.5205353553305122,1.0962934494018555,19.484710693359375
p1,20260716,restart,5227,0.7535871436770614,0.4559541446876209,1.2446250915527344,19.630481719970703
p1,20260716,switch,11820,0.6836717428087986,0.4056998677198182,1.393515706062317,18.0305118560791
p1,20260716,boundary,5425,0.9697695852534562,0.1673301887664404,9.231324195861816,32.82828140258789
p1,20260716,long_possession,13683,0.7944164291456552,0.6120867049533018,1.6215808391571045,15.529372215270996
p1,20260716,Shot,1228,0.35912052117263843,0.05284601557819053,0.7811443209648132,21.350698471069336
p1,20260716,Foul,1192,0.3674496644295302,0.05374233128834356,1.2002346515655518,36.87179946899414
p1,20260716,Interruption,4022,0.864992541024366,0.09276096520463938,3.01137638092041,46.22574996948242
p2,20260716,CONTROL,48288,0.7847291252485089,0.24875769223704838,1.0461658239364624,11.825411796569824
p2,20260716,CONTESTED,43001,0.7378665612427618,0.5213873396194374,1.0914503335952759,19.927932739257812
p2,20260716,restart,5227,0.7505261144059691,0.44513480131708205,1.2607358694076538,19.778026580810547
p2,20260716,switch,11820,0.6848561759729273,0.40825554117342894,1.3649961948394775,19.14702033996582
p2,20260716,boundary,5425,0.9692165898617512,0.15975851166061886,9.174102783203125,29.630176544189453
p2,20260716,long_possession,13683,0.7947818460863846,0.6168959077101077,1.6223691701889038,15.430910110473633
p2,20260716,Shot,1228,0.3289902280130293,0.04950980392156863,0.7764174938201904,21.70812225341797
p2,20260716,Foul,1192,0.3976510067114094,0.05690276110444178,1.1870664358139038,36.316280364990234
p2,20260716,Interruption,4022,0.8468423669816012,0.09170705438879914,2.930267810821533,46.365234375
random_p1,20260716,CONTROL,48288,0.783403744201458,0.22359384964779844,1.0482162237167358,12.135549545288086
random_p1,20260716,CONTESTED,43001,0.6892630403944094,0.4721332359406335,1.1590266227722168,21.10831642150879
random_p1,20260716,restart,5227,0.7591352592309164,0.451934019879196,1.2281168699264526,19.409099578857422
random_p1,20260716,switch,11820,0.6831641285956007,0.40618999158332303,1.3840488195419312,18.201906204223633
random_p1,20260716,boundary,5425,0.968110599078341,0.14153207326298584,9.267056465148926,34.419677734375
random_p1,20260716,long_possession,13683,0.7713951618797047,0.5789648062822346,1.6542249917984009,16.658023834228516
random_p1,20260716,Shot,1228,0.24511400651465798,0.039372138652714196,0.7732594609260559,24.52070426940918
random_p1,20260716,Foul,1192,0.19546979865771813,0.03270175438596491,1.3298256397247314,36.60380554199219
random_p1,20260716,Interruption,4022,0.7635504724017902,0.08659241505709855,3.104038715362549,45.82919692993164
random_p2,20260716,CONTROL,48288,0.7837557985420809,0.23900591655272568,1.0635061264038086,12.428007125854492
random_p2,20260716,CONTESTED,43001,0.697727959814888,0.4672726902649821,1.1448692083358765,20.738697052001953
random_p2,20260716,restart,5227,0.751865314712072,0.44602821490775,1.2432162761688232,19.78388786315918
random_p2,20260716,switch,11820,0.6858714043993231,0.4110512214832278,1.3940484523773193,18.23085594177246
random_p2,20260716,boundary,5425,0.9666359447004609,0.10855927007825743,9.363466262817383,37.47605514526367
random_p2,20260716,long_possession,13683,0.7757070817803113,0.5736202253031559,1.6638662815093994,17.115882873535156
random_p2,20260716,Shot,1228,0.23697068403908794,0.03831468071099407,0.754335880279541,24.36452865600586
random_p2,20260716,Foul,1192,0.04949664429530201,0.009432454036770583,1.311248779296875,37.967002868652344
random_p2,20260716,Interruption,4022,0.808055693684734,0.08938393839383937,3.1653149127960205,45.80400085449219
f80,20260717,CONTROL,48288,0.780400927766733,0.20704186105782418,1.0561153888702393,11.519083023071289
f80,20260717,CONTESTED,43001,0.7209367224018046,0.5109405799036106,1.1102737188339233,20.234792709350586
f80,20260717,restart,5227,0.7463171991582169,0.43963248822772866,1.2428629398345947,19.216249465942383
f80,20260717,switch,11820,0.6658206429780034,0.4119614261644843,1.3907618522644043,17.77187156677246
f80,20260717,boundary,5425,0.9706912442396314,0.1768031436176955,9.157330513000488,36.09917068481445
f80,20260717,long_possession,13683,0.7873273404955053,0.6206056502090055,1.626540184020996,16.181856155395508
f80,20260717,Shot,1228,0.28013029315960913,0.04376590330788804,0.748818039894104,25.232036590576172
f80,20260717,Foul,1192,0.37583892617449666,0.05463414634146342,1.1031686067581177,35.77312469482422
f80,20260717,Interruption,4022,0.7215315763301839,0.08382437897169266,3.182380437850952,46.377593994140625
p1,20260717,CONTROL,48288,0.7829895626242545,0.22631619285134402,1.0510467290878296,11.547566413879395
p1,20260717,CONTESTED,43001,0.717820515801958,0.4808382930826204,1.1084589958190918,20.10450553894043
p1,20260717,restart,5227,0.7577960589248135,0.45709517678467576,1.2401143312454224,19.22222137451172
p1,20260717,switch,11820,0.6645516074450084,0.4018691741654251,1.3904139995574951,17.948049545288086
p1,20260717,boundary,5425,0.9703225806451613,0.17039003759398497,9.078787803649902,29.93092155456543
p1,20260717,long_possession,13683,0.7909084265146532,0.5811305551174782,1.6231824159622192,15.759586334228516
p1,20260717,Shot,1228,0.3281758957654723,0.04941753525444513,0.7378897070884705,23.854328155517578
p1,20260717,Foul,1192,0.08557046979865772,0.015765069551777432,1.1752104759216309,38.15784454345703
p1,20260717,Interruption,4022,0.6596220785678767,0.07949063670411985,3.2547640800476074,46.49701690673828
p2,20260717,CONTROL,48288,0.7840664347249834,0.2357105550330139,1.0479055643081665,11.720428466796875
p2,20260717,CONTESTED,43001,0.7336806120787889,0.5151968135013292,1.084362268447876,19.92573356628418
p2,20260717,restart,5227,0.7556916013009375,0.4530676811487712,1.2480111122131348,19.2962589263916
p2,20260717,switch,11820,0.6743654822335026,0.3856690262745858,1.3659083843231201,17.822221755981445
p2,20260717,boundary,5425,0.9705069124423963,0.17523551567334095,9.200122833251953,35.67689895629883
p2,20260717,long_possession,13683,0.7936125118760505,0.6031725342805986,1.6181269884109497,16.1754207611084
p2,20260717,Shot,1228,0.33713355048859933,0.050426309378806336,0.7789769768714905,24.31144905090332
p2,20260717,Foul,1192,0.30956375838926176,0.047277386290839205,1.1910978555679321,36.93731689453125
p2,20260717,Interruption,4022,0.777473893585281,0.08748076654077494,3.0488381385803223,45.943153381347656
random_p1,20260717,CONTROL,48288,0.7824925447316103,0.23230993134229258,1.0524276494979858,11.500090599060059
random_p1,20260717,CONTESTED,43001,0.6891932745750099,0.4782929330901946,1.1501572132110596,20.985841751098633
random_p1,20260717,restart,5227,0.7556916013009375,0.45002078172477555,1.223537802696228,19.071025848388672
random_p1,20260717,switch,11820,0.6780033840947547,0.41017194451824157,1.3780009746551514,17.503671646118164
random_p1,20260717,boundary,5425,0.968479262672811,0.1539590116036397,9.32254695892334,37.37981414794922
random_p1,20260717,long_possession,13683,0.7700065775049332,0.5839902570207107,1.6582355499267578,16.733610153198242
random_p1,20260717,Shot,1228,0.25651465798045603,0.04082955281918341,0.7034639716148376,24.674375534057617
random_p1,20260717,Foul,1192,0.1568791946308725,0.0271211022480058,1.2297853231430054,36.23252487182617
random_p1,20260717,Interruption,4022,0.7222774738935853,0.08387469322939224,3.206942081451416,45.838924407958984
random_p2,20260717,CONTROL,48288,0.7817677269715043,0.23370859444054,1.0666346549987793,11.580625534057617
random_p2,20260717,CONTESTED,43001,0.6839840933931769,0.4791061507657942,1.1564708948135376,21.09968376159668
random_p2,20260717,restart,5227,0.7430648555576813,0.4666677153571636,1.2420405149459839,19.490367889404297
random_p2,20260717,switch,11820,0.677072758037225,0.4051004819615519,1.4027031660079956,17.765228271484375
random_p2,20260717,boundary,5425,0.9705069124423963,0.17800277943220172,9.258713722229004,38.008670806884766
random_p2,20260717,long_possession,13683,0.7688372432945991,0.5886172443287074,1.660248041152954,16.812023162841797
random_p2,20260717,Shot,1228,0.31026058631921827,0.0473586078309509,0.7343435883522034,24.707550048828125
random_p2,20260717,Foul,1192,0.15771812080536912,0.027246376811594204,1.283963680267334,39.45734405517578
random_p2,20260717,Interruption,4022,0.7016409746394828,0.08246639392168323,3.225043535232544,45.75028610229492
